essay_id,group,ell_status,task,state,predicted_label,predicted_label_name,ai_probability,word_count,sentence_count,perplexity,sentence_length_cv,mattr,pos_3gram_entropy
00066EA9880D,non_ELL,No,Text dependent,classified,0,human_associated,0.01585088998342417,646,30,75.79292678833008,0.39238530395921,0.8611575562700965,7.60115592960637
001A03E06F3C,non_ELL,No,Text dependent,classified,0,human_associated,0.0059844178600067955,381,20,146.34117126464844,0.500713993365079,0.8931073446327684,7.276585503636345
00885C23A764,non_ELL,No,Text dependent,classified,0,human_associated,0.011825984904867363,749,35,107.54556274414062,0.39238751991766746,0.9025655172413793,7.877199499255045
013099FBB46C,non_ELL,No,Text dependent,classified,0,human_associated,0.01852967959519012,570,22,115.55081176757812,0.4313655992911946,0.9066423357664234,7.658993767523076
01612EE431CC,ELL,Yes,Text dependent,classified,0,human_associated,0.0017021253365139524,223,9,250.02017211914062,0.17435595774162696,0.8862311557788944,6.917260550724518
01A4C886D048,non_ELL,No,Text dependent,classified,0,human_associated,0.4635746918131549,271,13,62.91617202758789,0.36913419659578917,0.8795141700404858,7.069111709181485
01A4CE59DEBA,ELL,Yes,Text dependent,classified,0,human_associated,0.0008069318276495803,394,20,150.2327423095703,0.6631419441460197,0.9121693121693122,7.682027666922347
01B52B1D14F8,ELL,Yes,Text dependent,classified,0,human_associated,0.0009569494799702697,377,29,97.01312255859375,0.6764466494137926,0.8574358974358974,7.474175597303076
01E2760617E5,non_ELL,No,Text dependent,classified,0,human_associated,0.011576654253839098,444,21,153.40464782714844,0.39644153046063785,0.9252757793764989,7.664344704038103
021663FD2F2E,ELL,Yes,Text dependent,classified,0,human_associated,0.0024190128467809742,294,15,197.39942932128906,0.4130489232931802,0.9105970149253731,7.319243063013857
02A202213790,ELL,Yes,Text dependent,classified,0,human_associated,0.08291371630817541,465,22,89.85467910766602,0.3861050047541749,0.8760997732426304,7.236270117672519
02CFF35FC729,non_ELL,No,Text dependent,classified,0,human_associated,0.009641542595093585,409,15,115.54901885986328,0.41955767508733416,0.8841052631578947,7.535512037401718
02F578DD1D0B,non_ELL,No,Text dependent,classified,0,human_associated,0.00019800586761267906,382,18,148.24906158447266,0.3858050242096528,0.8264044943820225,7.391267944398594
02F89B4E55CF,ELL,Yes,Text dependent,classified,0,human_associated,0.003818846092976156,170,8,79.05239486694336,0.30248869347667834,0.758639455782313,6.68471269474586
030E5538C3CA,ELL,Yes,Text dependent,classified,0,human_associated,0.011621909385978752,507,25,100.69645690917969,0.413342829361819,0.868024948024948,7.450440256581061
03259FDA2D4E,ELL,Yes,Text dependent,classified,0,human_associated,0.0973396323042501,438,19,66.50423431396484,0.4122458312031216,0.8845520581113802,7.5247482538911745
037059DAD8EF,ELL,Yes,Text dependent,classified,0,human_associated,0.0029771776783410015,492,32,134.9214324951172,0.45740975095599307,0.8704721030042919,7.3487041652882175
04217B837E28,ELL,Yes,Text dependent,classified,0,human_associated,2.1057396243633375e-08,225,2,327.43636322021484,1.0206932667562338,0.8811650485436894,7.1651758432984165
0428DEB82659,non_ELL,No,Text dependent,classified,0,human_associated,5.286318841248294e-06,473,26,237.9428482055664,0.44186098514567435,0.8650340136054422,7.680259733470537
043E9B5AFC5F,non_ELL,No,Text dependent,classified,0,human_associated,0.0110390422512277,596,35,45.13274383544922,0.5939061564893945,0.8552014010507881,7.585384087506146
0471B0EB1919,non_ELL,No,Text dependent,classified,0,human_associated,2.8949711330515175e-05,268,13,175.2185821533203,0.7519418139945473,0.8500425531914894,7.20094823461193
050E113D6A50,non_ELL,No,Text dependent,classified,0,human_associated,0.011380755693041752,437,13,131.79617309570312,0.5459510581228866,0.8938957816377171,7.21076014579162
052BD823F2E5,ELL,Yes,Text dependent,classified,0,human_associated,0.0016913417836403794,331,14,119.92098236083984,0.48810640566157626,0.8557894736842105,7.400420171329553
0548DE784D69,ELL,Yes,Text dependent,classified,0,human_associated,1.4736320373563154e-05,222,7,292.75848388671875,0.5053952347046627,0.8663959390862944,6.710622697661112
0581A6F4E804,ELL,Yes,Text dependent,classified,0,human_associated,0.0002635158004498953,259,11,176.9342803955078,0.829940912926714,0.881673640167364,6.929823873130783
0628DB049A56,non_ELL,No,Text dependent,classified,0,human_associated,0.21370431072757778,205,14,68.45880889892578,0.4559202209413922,0.8648351648351649,6.928476136264693
06368437F53F,non_ELL,No,Text dependent,classified,0,human_associated,0.2032783240646605,323,17,100.1107406616211,0.3717439487107164,0.9043243243243243,7.27775662662356
06397A757BA9,non_ELL,No,Text dependent,classified,0,human_associated,3.479630759119933e-05,562,22,108.41933059692383,0.7585336805996908,0.8278584729981379,7.599053916735192
065FB99EB165,non_ELL,No,Text dependent,classified,0,human_associated,0.006316877067095734,537,17,87.32830047607422,0.4909257726898042,0.8599605522682445,7.499046696015446
0661790FCCC2,non_ELL,No,Text dependent,classified,0,human_associated,0.00026039929285583,282,10,190.83826446533203,0.7139993669618677,0.9034108527131783,7.284717688506257
06D68CA8A9F8,non_ELL,No,Text dependent,classified,1,ai_associated,0.5374857628826638,236,14,95.42030715942383,0.3562917691284262,0.9005660377358491,6.938739089352457
070ACB7C06F4,non_ELL,No,Text dependent,classified,0,human_associated,0.3223832227149712,308,15,89.06954956054688,0.5507607728685471,0.9305633802816902,7.2780452779755285
075539F6E57D,non_ELL,No,Text dependent,classified,0,human_associated,0.011911899135374049,449,23,122.86154174804688,0.5276907773725404,0.8881730769230769,7.256549957672181
076145D58BF1,non_ELL,No,Text dependent,classified,0,human_associated,0.015130133758844179,449,23,115.16803741455078,0.47462046255781604,0.913883495145631,7.732365694086079
079F9B97A2AD,non_ELL,No,Text dependent,classified,0,human_associated,0.014033625820092453,935,43,70.52179718017578,0.4011817384130947,0.9000223463687151,8.203676698730579
07D0B701C682,non_ELL,No,Text dependent,classified,0,human_associated,0.00119340180731849,265,11,161.0709991455078,0.45254325852615207,0.854,7.0604265740309575
07ECEB4E4BE1,non_ELL,No,Text dependent,classified,0,human_associated,1.9280979905773547e-05,415,12,240.36974334716797,0.3023810549278627,0.8574358974358974,7.4911348230102535
07F1180D7666,non_ELL,No,Text dependent,classified,0,human_associated,3.561389734605216e-15,195,8,688.5603790283203,0.7637501461304512,0.8709826589595375,7.208224913083365
0810C1BE9C5A,non_ELL,No,Text dependent,classified,0,human_associated,0.0006211754906353417,506,20,118.43122482299805,0.425202237048335,0.8362689804772234,7.512020562799686
081A0EDC2648,ELL,Yes,Text dependent,classified,0,human_associated,1.2581405356906041e-08,224,12,362.7929229736328,0.9955025634183694,0.8912,7.073033233437464
083A7BCA7E13,non_ELL,No,Text dependent,classified,0,human_associated,0.423026326336201,262,9,46.72138595581055,0.523437018163094,0.8894117647058823,7.142913484688261
0873F94DA728,ELL,Yes,Text dependent,classified,0,human_associated,0.01837513341416255,333,18,114.11956024169922,0.5261796427508658,0.8815737704918033,7.161354948176683
08C0A3DF5802,ELL,Yes,Text dependent,classified,0,human_associated,6.558327107891988e-05,380,24,226.1550521850586,0.5317179442165587,0.8750700280112045,7.1710043201379365
08CC837C9EC3,non_ELL,No,Text dependent,classified,0,human_associated,0.0013550072292965757,500,30,133.42230224609375,0.5699917187143342,0.8794004282655247,7.471876264131774
08E7FC23D9C9,ELL,Yes,Text dependent,classified,0,human_associated,0.03421673959300541,216,5,125.42505645751953,0.290841605213713,0.8425263157894737,6.780260160056884
08FBDF474AA2,ELL,Yes,Text dependent,classified,1,ai_associated,0.5053210173708482,214,6,67.69931411743164,0.6055501757407589,0.8756020942408377,6.485051548090929
0916B9AA4575,non_ELL,No,Text dependent,classified,0,human_associated,0.0054966935510500125,750,38,71.41932678222656,0.4884942177644047,0.8875675675675676,8.093589245903305
09483BB18BC3,non_ELL,No,Text dependent,classified,0,human_associated,0.0005410582227562635,598,24,123.8223762512207,0.5384409293365783,0.8374468085106384,7.291860612565715
099985A2A99C,ELL,Yes,Text dependent,classified,0,human_associated,3.6387264708691025e-06,318,16,261.5412292480469,0.5565970376763261,0.8613620071684588,7.242368156833547
09EE9A3D3248,ELL,Yes,Text dependent,classified,0,human_associated,6.303126131154548e-08,292,7,328.305908203125,0.6761181392099491,0.842934362934363,7.00312973856666
0A485262A976,non_ELL,No,Text dependent,classified,0,human_associated,0.019357470911845344,513,30,115.55690383911133,0.38128531860650006,0.8867368421052632,7.469519302346939
0A532E02360A,non_ELL,No,Text dependent,classified,0,human_associated,0.0002770480304049677,471,17,147.35394287109375,0.6973144322006909,0.9100909090909091,7.88404226305981
0AB5C0C20670,ELL,Yes,Text dependent,classified,0,human_associated,3.5526800827423866e-13,268,18,654.6251831054688,0.4537137259183178,0.8732758620689656,7.07380905770307
0AB9C286F515,ELL,Yes,Text dependent,classified,0,human_associated,0.001513663277986242,540,28,106.94594192504883,0.6367231255451946,0.8722007722007722,7.5238835414074
0ABF4F99E166,non_ELL,No,Text dependent,classified,0,human_associated,0.15578035105745222,469,20,72.86298751831055,0.4293408835683195,0.8873214285714286,7.3279401836631965
0ACB0E08934E,ELL,Yes,Text dependent,classified,0,human_associated,0.012468860041271802,273,14,127.29914093017578,0.46898368311665606,0.8879032258064516,7.2995492743408725
0AF5343C0F78,ELL,Yes,Text dependent,classified,0,human_associated,0.006634256377428382,288,9,72.13584899902344,0.6719445137334619,0.8485393258426966,7.170033044537756
0B1B30CCB1F3,non_ELL,No,Text dependent,classified,0,human_associated,0.005018341628765513,325,17,139.75772094726562,0.5454162947879065,0.8825165562913907,7.167800647364426
0B81C3067FF2,non_ELL,No,Text dependent,classified,0,human_associated,0.00018913205283800497,200,8,187.0840301513672,0.6793030217118502,0.8588636363636364,6.862973939965465
0B8629C697D5,non_ELL,No,Text dependent,classified,0,human_associated,0.03045291673624315,230,9,94.18778228759766,0.42937036757694225,0.839047619047619,6.860861159968271
0BB0E957B6FE,non_ELL,No,Text dependent,classified,0,human_associated,0.0019741679293821686,352,13,96.50684356689453,0.4747053482454774,0.819741935483871,7.162163879467548
0C710606DB95,non_ELL,No,Text dependent,classified,0,human_associated,9.569561770244982e-07,391,17,316.9036560058594,0.518493039319252,0.896,7.482121722481513
0C71097D3AE1,non_ELL,No,Text dependent,classified,0,human_associated,0.005081869362410998,692,26,85.2422866821289,0.3584755111297057,0.8742255639097745,8.014316146594973
0C95E489AC08,non_ELL,No,Text dependent,classified,0,human_associated,2.3788343678350315e-05,326,18,141.94190216064453,0.6979953132828298,0.8377854671280277,7.558562533680006
0CB40DD64679,non_ELL,No,Text dependent,classified,0,human_associated,0.019953667237721396,555,26,97.80147171020508,0.4116537264306862,0.8755133079847909,7.454465297686892
0CC47B89CFDF,non_ELL,No,Text dependent,classified,0,human_associated,0.08730067124773033,378,16,81.61077499389648,0.5707216108027943,0.911728045325779,7.460429509296285
0CD8EBE71768,ELL,Yes,Text dependent,classified,0,human_associated,8.950643816544167e-05,279,5,84.37480926513672,0.8890095669924377,0.8174603174603174,7.259203709672994
0CF887F10084,non_ELL,No,Text dependent,classified,0,human_associated,0.0001796385818824389,248,10,229.33457946777344,0.4437825759544335,0.8694736842105263,6.9753319253628066
0D220BA8BA23,non_ELL,No,Text dependent,classified,0,human_associated,5.126393188196133e-09,225,10,337.0726318359375,0.8346916190029879,0.8134653465346535,6.82196180580539
0D34A4F5331B,ELL,Yes,Text dependent,classified,0,human_associated,6.34873428832961e-08,181,6,358.02819061279297,0.5461747950477929,0.8298089171974522,6.725508992506274
0D7FAACC389B,ELL,Yes,Text dependent,classified,0,human_associated,0.0001295520378907077,482,30,142.91754150390625,0.501043361695593,0.8466813186813187,7.618565572059516
0D91BAF9E8F6,non_ELL,No,Text dependent,classified,0,human_associated,8.753821503261373e-05,229,15,192.8662109375,0.692360410204806,0.8831840796019901,7.292111157026446
0DDD472DC24B,non_ELL,No,Text dependent,classified,0,human_associated,0.20820844342097275,442,19,64.6166000366211,0.4848193499173755,0.9094033412887829,7.53327536822182
0DEDD9E3222F,ELL,Yes,Text dependent,classified,0,human_associated,1.798059983814805e-05,455,25,268.1124267578125,0.5309087114998948,0.9024708624708625,7.3852950930709405
0DF37DD497A2,non_ELL,No,Text dependent,classified,0,human_associated,0.013325484664338149,306,15,82.9400863647461,0.6045814721956146,0.8693238434163701,7.283004549625169
0E0618CA73CD,non_ELL,No,Text dependent,classified,0,human_associated,0.0006752218908251243,208,11,222.99488830566406,0.3623560942749159,0.8605464480874317,6.7529830786036475
0E16BB8C40AE,non_ELL,No,Text dependent,classified,0,human_associated,0.005911124618706209,408,25,110.51102447509766,0.5067823307622037,0.8587434554973822,7.206821322353979
0E717C6C5551,ELL,Yes,Text dependent,classified,0,human_associated,0.005884482275793553,243,13,168.4969024658203,0.3577999389153508,0.863744292237443,6.8935449007109355
0E8E64439570,ELL,Yes,Text dependent,classified,0,human_associated,0.0009624088629452128,334,14,96.64654159545898,0.5789480510458757,0.8319745222929936,7.310209697962568
0EC4EF416F2F,ELL,Yes,Text dependent,classified,0,human_associated,1.0765983987348936e-05,182,5,214.8588409423828,0.8896789092797734,0.8473684210526315,6.702499064128485
0F732A7BD7C6,non_ELL,No,Text dependent,classified,0,human_associated,0.00040928961536612716,258,14,174.29589080810547,0.35083901876041684,0.825374449339207,6.969527443564426
0F987B0C7169,ELL,Yes,Text dependent,classified,0,human_associated,1.1634930168938657e-08,354,5,278.8486328125,1.0786097197370565,0.8517133956386292,7.352802633128237
0FE128A98388,ELL,Yes,Text dependent,classified,0,human_associated,0.0006066360162728682,334,15,135.93692016601562,0.8872357766529881,0.8990291262135922,7.321657024722369
102F13317092,ELL,Yes,Text dependent,classified,0,human_associated,9.03642753568791e-05,380,19,135.82139587402344,0.9032984609573412,0.896543909348442,7.723718618475754
1065173BBE31,ELL,Yes,Text dependent,classified,0,human_associated,0.006580668112094446,294,15,153.30233764648438,0.5410715415180679,0.9104477611940298,7.335974048942175
1073917E4351,ELL,Yes,Text dependent,classified,0,human_associated,4.704234295265563e-09,458,35,363.97584533691406,0.5946043103309689,0.8759808612440192,7.831386041675567
10CBDD983149,ELL,Yes,Text dependent,classified,0,human_associated,8.250838539086714e-12,222,16,559.1288299560547,0.4978540644408671,0.8437305699481865,6.906007316319357
10F1ACB5559E,non_ELL,No,Text dependent,classified,0,human_associated,0.0032994073551713713,369,21,87.75056457519531,0.4467752647205735,0.8271386430678466,7.2880423065769016
1134E5131492,ELL,Yes,Text dependent,classified,0,human_associated,0.048599740021446035,385,27,123.88770294189453,0.35398709485824226,0.9170083102493075,7.605649384671168
1155F7A18D6C,non_ELL,No,Text dependent,classified,0,human_associated,1.4021311910546741e-06,381,17,264.63323974609375,0.4336942900708696,0.8517378917378917,7.5353684417162565
11823089B61E,ELL,Yes,Text dependent,classified,0,human_associated,5.171408002977776e-25,371,35,1198.003662109375,0.48122434617873544,0.8738728323699422,7.516272912021536
11B9AC1814C8,non_ELL,No,Text dependent,classified,0,human_associated,0.008908076996502855,501,21,95.81547546386719,0.46449425039740116,0.8648832271762208,7.4341766606611985
11D9263201FD,non_ELL,No,Text dependent,classified,0,human_associated,0.004456221495213975,325,13,51.28389358520508,0.7421762596412997,0.8454485049833887,7.33230935189187
121DCFFBC671,ELL,Yes,Text dependent,classified,0,human_associated,0.23089707100170737,485,12,55.118465423583984,0.5347574656325561,0.8965750528541226,7.34197920586683
1289C8AF32C4,ELL,Yes,Text dependent,classified,0,human_associated,0.00021818011443325319,403,23,189.49069213867188,0.4520097432698823,0.8871957671957672,7.605462434364959
12F86638F09D,non_ELL,No,Text dependent,classified,0,human_associated,0.000775325295113731,361,14,188.87859344482422,0.4871417070437084,0.9052380952380953,7.483990280010168
134A4DA02013,non_ELL,No,Text dependent,classified,0,human_associated,5.254908559957945e-05,541,30,147.06603240966797,0.5525681453801161,0.8487128712871287,7.724142508408636
13A6000D816C,non_ELL,No,Text dependent,classified,0,human_associated,0.043069691185715374,429,19,66.82759094238281,0.3496097074300887,0.8403970223325062,7.248646506693165
13C74967CE1B,non_ELL,No,Text dependent,classified,0,human_associated,0.029398771802183265,192,6,59.81669044494629,0.5891387265971231,0.84,6.977617557239524
13C78F5B1679,ELL,Yes,Text dependent,classified,0,human_associated,0.0251118791788778,415,16,70.23483276367188,0.3591718060412479,0.8390816326530612,7.310518463529102
13D83C05F4D8,non_ELL,No,Text dependent,classified,0,human_associated,0.0015739835919415743,430,31,112.92109680175781,0.48385591758437124,0.8515422885572139,7.447338614655064
13E2AB835DE1,non_ELL,No,Text dependent,classified,0,human_associated,0.002574756127708062,348,21,159.52304077148438,0.4469642361167025,0.8812307692307693,7.271070443304862
13EBA3BE41C2,non_ELL,No,Text dependent,classified,0,human_associated,0.0024000083342577876,474,23,163.62278747558594,0.4676903707892755,0.8932134831460674,7.366635061196123
1456B98CAF05,non_ELL,No,Text dependent,classified,0,human_associated,0.09806908054142104,165,9,82.90062713623047,0.6917226220122159,0.8383098591549296,6.192407097228818
148CA62EF887,ELL,Yes,Text dependent,classified,0,human_associated,7.682546250141366e-05,439,14,147.71724700927734,0.8450988423912363,0.8518918918918919,7.1281417878531625
1499841F4EB8,ELL,Yes,Text dependent,classified,0,human_associated,0.4032363388523392,287,20,84.17981719970703,0.426014322842305,0.9029657794676806,7.102381741366225
14D595C9D1E8,non_ELL,No,Text dependent,classified,0,human_associated,0.003210320072515584,544,24,104.00643920898438,0.6929348293208751,0.9005068226120858,7.655103338843859
14EDF2663558,ELL,Yes,Text dependent,classified,0,human_associated,0.06701681335400932,363,26,83.50811386108398,0.6020619751506043,0.8994117647058824,7.283347025916536
1542F0A93AA8,non_ELL,No,Text dependent,classified,0,human_associated,0.000943764716623231,427,18,126.49631881713867,0.5440702812780713,0.8503000000000001,7.290398085392867
15810FF4CB38,ELL,Yes,Text dependent,classified,0,human_associated,0.0014359198572884465,313,20,190.83349609375,0.3983096719147306,0.8979061371841155,7.375475398287643
159C128C450E,non_ELL,No,Text dependent,classified,0,human_associated,0.0018719984561719994,566,29,81.88433074951172,0.7232079835398809,0.8731617647058824,7.6096456946133655
15B8F793134D,ELL,Yes,Text dependent,classified,0,human_associated,8.208467574876025e-08,294,16,335.93638610839844,0.6524184289302563,0.877003745318352,7.359603774309307
15BA74A13D07,non_ELL,No,Text dependent,classified,0,human_associated,0.010202338530482346,205,13,169.56735229492188,0.4914635880035604,0.8918435754189944,6.882190621799471
15E106AF20A7,ELL,Yes,Text dependent,classified,0,human_associated,0.015734498359560006,249,18,98.6841926574707,0.5347588791441703,0.8658823529411764,7.145388094817163
15F4FA869635,non_ELL,No,Text dependent,classified,0,human_associated,0.2500366160330265,162,11,76.45481872558594,0.48389598964879416,0.8582857142857143,6.6473648077356415
160552DF7DBA,ELL,Yes,Text dependent,classified,0,human_associated,6.244082301149738e-07,277,10,249.98633575439453,0.8976916871781013,0.8544444444444445,7.079901566957581
16364DA86C3D,ELL,Yes,Text dependent,classified,0,human_associated,0.092113148634594,325,21,83.12747955322266,0.46539891385705506,0.8843708609271523,7.250769682457051
16585724607E,non_ELL,No,Text dependent,classified,0,human_associated,2.8377226062613632e-05,441,26,213.75531005859375,0.6516002140786261,0.8950851581508515,7.567051742868986
1748EF8A5B22,ELL,Yes,Text dependent,classified,0,human_associated,0.006701415555544504,591,20,101.80558013916016,0.5653405787042394,0.8961837455830389,7.676230320436742
17B88571D179,non_ELL,No,Text dependent,classified,0,human_associated,0.0004187353647863876,399,21,208.37925720214844,0.5730262614522235,0.9111936339522546,7.33594037560791
17C8110957BA,non_ELL,No,Text dependent,classified,0,human_associated,5.2659919611105966e-05,765,36,105.53912734985352,0.9321906302300079,0.8840054127198917,7.974604546953066
17E5C17F1A9F,ELL,Yes,Text dependent,classified,0,human_associated,0.004545676744431725,196,15,77.64210510253906,0.6347011427030685,0.8130061349693252,6.785411458329661
18348CF6A3F7,ELL,Yes,Text dependent,classified,0,human_associated,0.00399501627210999,274,12,177.2260284423828,0.372345299135264,0.8769105691056911,7.041825959908502
1840AEC2DC71,non_ELL,No,Text dependent,classified,0,human_associated,0.002428712441854472,499,27,80.91604614257812,0.5408251515962196,0.8500215982721382,7.578378279129466
1870BFBCF37D,ELL,Yes,Text dependent,classified,0,human_associated,0.00016801301484650923,446,21,141.71307373046875,0.5241192000492698,0.8437054631828979,7.485809745207726
18860E0DA892,non_ELL,No,Text dependent,classified,0,human_associated,0.09741146742751451,214,9,97.74361419677734,0.3585740889196097,0.8626086956521739,6.970882436549528
18EAB669FDE2,non_ELL,No,Text dependent,classified,0,human_associated,0.12611195479389004,322,8,62.991167068481445,0.587105429124057,0.8724579124579125,7.006596489898999
193591CD2E86,ELL,Yes,Text dependent,classified,0,human_associated,0.0011986849047519598,357,8,56.54011917114258,0.8717817391330269,0.8294736842105264,7.137231597701927
19AE5A267720,ELL,Yes,Text dependent,classified,0,human_associated,0.005839299669397947,225,10,130.3939437866211,0.5739218697617569,0.8698536585365854,7.011912770888321
19EA99155FB8,non_ELL,No,Text dependent,classified,0,human_associated,1.1965303794857839e-05,363,26,216.11416625976562,0.6658441480636379,0.8762985074626866,7.468882258443832
1A26AFD79998,ELL,Yes,Text dependent,classified,0,human_associated,3.0392682320303783e-05,375,17,174.4114227294922,0.7250945846677781,0.8637249283667622,7.433927665872272
1A5D1D1C4F14,non_ELL,No,Text dependent,classified,0,human_associated,0.009366676698699367,470,28,100.10466003417969,0.44647406023889324,0.8623788546255506,7.37236612651405
1A8074C87C0A,ELL,Yes,Text dependent,classified,0,human_associated,0.05108494176656468,350,21,104.45033264160156,0.3613645244439847,0.8733134328358209,7.20491608688126
1A8326D75808,non_ELL,No,Text dependent,classified,0,human_associated,0.15902390342929945,304,20,81.82898330688477,0.49650132774725303,0.8815547703180212,7.01808425964454
1AA1968CD760,non_ELL,No,Text dependent,classified,0,human_associated,0.0023365729082576014,203,12,185.23104858398438,0.5934543856668751,0.8844943820224719,6.777800374010626
1B00384D13C7,non_ELL,No,Text dependent,classified,0,human_associated,0.008819288421459019,168,15,141.0092315673828,0.40242296403474204,0.8394444444444444,6.692760027936182
1B2F469FBC51,ELL,Yes,Text dependent,classified,0,human_associated,0.028969228945766413,478,18,52.26243591308594,0.5486871517215401,0.8269603524229076,6.964049945214079
1B61ACF51694,ELL,Yes,Text dependent,classified,0,human_associated,0.0005014724401715223,355,16,146.41902923583984,0.7168408977512525,0.8863608562691132,7.391048455574538
1BC1E6EAB178,ELL,Yes,Text dependent,classified,0,human_associated,5.58785327143175e-08,179,6,453.5680389404297,0.2642877356986563,0.8823684210526316,6.908883216808538
1BDDBCF9B071,ELL,Yes,Text dependent,classified,0,human_associated,0.0033349039855346493,332,21,118.66136169433594,0.7504401565457589,0.8965695792880259,7.320126156292667
1BE3C3E7DE6C,non_ELL,No,Text dependent,classified,0,human_associated,0.03305237214446776,313,28,86.85388565063477,0.5008634519815397,0.8618685121107267,7.102096384181264
1C2A0066C93C,ELL,Yes,Text dependent,classified,1,ai_associated,0.5134995816991024,359,10,61.473440170288086,0.5663805043859026,0.9276417910447762,7.328005690610962
1C3EF675F533,non_ELL,No,Text dependent,classified,0,human_associated,0.0949420445791601,188,15,76.6805648803711,0.39319336870196,0.795421686746988,6.238379512227781
1C41622B0A7A,non_ELL,No,Text dependent,classified,0,human_associated,0.001163467191356485,250,12,233.36089324951172,0.24410603339357964,0.882152466367713,7.014809314447042
1C9693E27251,ELL,Yes,Text dependent,classified,0,human_associated,0.01317953889938065,221,13,136.12826538085938,0.4951418619736382,0.876751269035533,6.9858284373725
1D369D51E5ED,non_ELL,No,Text dependent,classified,0,human_associated,0.10818026909910489,357,23,95.49231719970703,0.41809301700412715,0.8847129909365559,7.15898252162961
1D4A38CC63BD,non_ELL,No,Text dependent,classified,0,human_associated,0.054781103073147264,237,18,150.18524169921875,0.4378654579993231,0.9164485981308411,7.114618259871008
1D6220DAB645,ELL,Yes,Text dependent,classified,0,human_associated,0.0012695731676040161,244,21,165.88278198242188,0.4575141577360849,0.8667272727272727,7.154830999396904
1D6D338A6BA2,ELL,Yes,Text dependent,classified,1,ai_associated,0.9133245667046754,154,8,88.80240631103516,0.26538428861146063,0.9052307692307693,6.70748591825865
1DEDB886B240,ELL,Yes,Text dependent,classified,0,human_associated,4.506450413807297e-12,273,23,652.2542114257812,0.6412220025589083,0.9409375,7.056593380858837
1E21065D4CDF,non_ELL,No,Text dependent,classified,0,human_associated,0.0006630687112661365,290,13,207.94053649902344,0.33006987638087787,0.8931250000000001,7.430867487078528
1EA525C7EBF3,non_ELL,No,Text dependent,classified,0,human_associated,0.0025019989262787547,434,20,114.60676956176758,0.5420547956423815,0.8942307692307693,7.788666012884095
1EC48C7220A9,ELL,Yes,Text dependent,classified,0,human_associated,0.0016088207768389505,272,16,164.77322387695312,0.42074681078753146,0.8722580645161291,7.252653011548653
1ED5037C1462,non_ELL,No,Text dependent,classified,0,human_associated,0.002658011202713286,497,22,134.96322631835938,0.3043548442906768,0.8612017167381975,7.531967328707148
1EE05F854764,ELL,Yes,Text dependent,classified,0,human_associated,1.0403461726390027e-06,565,22,209.77171325683594,0.7315254789488829,0.857447619047619,7.7584131225005715
1F11C3F72282,ELL,Yes,Text dependent,classified,0,human_associated,0.03688514604679038,539,30,86.33621597290039,0.43007019542067204,0.887984496124031,7.566160869081986
1FAD2EA2E1C7,non_ELL,No,Text dependent,classified,0,human_associated,0.021399509955743176,397,18,76.53348541259766,0.6071466502191639,0.8527956989247312,7.008508732318889
1FB2C0AFFDA9,ELL,Yes,Text dependent,classified,0,human_associated,0.0010007976837699234,176,3,210.09873962402344,0.24029570980945467,0.8271140939597316,6.573218309022347
1FBEFF768D88,non_ELL,No,Text dependent,classified,0,human_associated,0.001006692429454706,268,27,140.30726623535156,0.5428121232992796,0.8385123966942148,6.960055953898728
1FF23E154F08,non_ELL,No,Text dependent,classified,0,human_associated,0.0323826113731401,452,21,109.6387939453125,0.4398310475802185,0.9016548463356974,7.502992156494931
218490FD2E1B,ELL,Yes,Text dependent,classified,0,human_associated,3.6544388488213984e-09,163,6,445.4549865722656,0.695468521971525,0.8613740458015268,6.58487256793787
21B7E5DC72D6,ELL,Yes,Text dependent,classified,0,human_associated,0.0004453922434727847,359,17,136.63818359375,0.6718425054146333,0.8427710843373494,7.020586679400407
21C30597D17F,non_ELL,No,Text dependent,classified,0,human_associated,4.887599571801e-05,336,17,210.93179321289062,0.6134389527713822,0.8796341463414634,7.326628631917527
2252B166CE0D,ELL,Yes,Text dependent,classified,0,human_associated,0.00010750941894315384,1020,53,136.49290466308594,0.5108397778688568,0.8683114256825076,8.013115071700309
228001464BD0,non_ELL,No,Text dependent,classified,0,human_associated,0.004528188984236405,358,15,59.04393768310547,0.7526459896379738,0.848048048048048,7.256522281854261
22B559FB5DFB,ELL,Yes,Text dependent,classified,0,human_associated,1.6115939570141298e-05,304,15,272.76318359375,0.4383547751591605,0.8784229390681003,7.202662213821087
22C152CE5B3E,ELL,Yes,Text dependent,classified,0,human_associated,0.010575330613318976,278,13,151.09036254882812,0.5406880904486682,0.9177689243027889,7.344775842087514
22E8627A3CB9,non_ELL,No,Text dependent,classified,0,human_associated,0.009798485042498717,323,17,186.4264678955078,0.3456023740055523,0.9184397163120568,7.331920671251348
2311EEFF9E70,non_ELL,No,Text dependent,classified,0,human_associated,3.1170465634353216e-06,260,20,317.45037841796875,0.36239450567122566,0.8703508771929824,7.126871321099442
2327F7A3128C,ELL,Yes,Text dependent,classified,0,human_associated,0.2707087951931813,168,10,97.80484771728516,0.4483007014465867,0.8673103448275862,6.567684170303041
238483C3AEFC,non_ELL,No,Text dependent,classified,0,human_associated,0.016646207726488057,783,36,100.8527717590332,0.4375718499430448,0.8892348284960422,7.603819399507298
2387E5E90FE1,non_ELL,No,Text dependent,classified,0,human_associated,0.41560679812695794,372,19,51.184326171875,0.39317978611943505,0.9009912536443149,7.4974853757657565
23968A5EA064,ELL,Yes,Text dependent,classified,0,human_associated,0.00034467883459638176,233,7,131.48358154296875,0.7905035315122465,0.8458767772511848,6.964996414637848
23982EC8FF86,non_ELL,No,Text dependent,classified,0,human_associated,5.240803275801703e-07,243,9,317.8002624511719,0.5632316292418272,0.8631481481481481,7.089173514667408
23A195AB438D,ELL,Yes,Text dependent,classified,0,human_associated,0.020303719954353882,305,17,147.1212615966797,0.36349696580246693,0.8727797833935018,6.942826711673965
2414D2AF4D56,ELL,Yes,Text dependent,classified,0,human_associated,6.007822779549535e-10,310,17,494.2274169921875,0.3392483503050254,0.8536111111111111,7.023297081004146
24687D08CFDA,ELL,Yes,Text dependent,classified,0,human_associated,1.6352657334895986e-08,307,24,373.74302673339844,0.47829039981550037,0.8606360424028269,7.422671485761819
249DCA075281,non_ELL,No,Text dependent,classified,0,human_associated,0.000585780358368331,378,19,172.00531005859375,0.5060920225810875,0.898243626062323,7.613450984200018
24CB17912088,ELL,Yes,Text dependent,classified,0,human_associated,0.00036570026888242446,260,16,160.4842071533203,0.5897089193568598,0.8467796610169491,7.0043993999935745
255F29455E8B,non_ELL,No,Text dependent,classified,0,human_associated,0.0008916194733299052,397,12,86.11380004882812,0.5882769424228141,0.8328455284552846,7.442859117952916
25C966D084EF,non_ELL,No,Text dependent,classified,0,human_associated,0.005045961464595352,380,23,120.36126708984375,0.5031844090693302,0.8584788732394366,7.137009921689648
25FA01853A35,ELL,Yes,Text dependent,classified,0,human_associated,0.0010100297505203156,280,19,114.88496398925781,0.7024185313074697,0.85328125,7.154060693838154
26077CB12CB0,ELL,Yes,Text dependent,classified,0,human_associated,0.10770582803184425,634,35,109.4732437133789,0.3363113440775603,0.8879084967320261,7.196008893447103
264F35FDCEB4,non_ELL,No,Text dependent,classified,0,human_associated,0.02588864849321905,911,33,83.3677978515625,0.3587154352972732,0.8796396396396396,7.706836313189642
2690D4B28188,ELL,Yes,Text dependent,classified,0,human_associated,0.002176143871983759,405,21,168.86874389648438,0.5141193647332107,0.8965775401069519,7.291287688744647
271011381AB9,ELL,Yes,Text dependent,classified,0,human_associated,0.010083453378459343,216,14,153.37063598632812,0.577037661858631,0.8924731182795699,6.9194207051562575
2710BC110FD2,non_ELL,No,Text dependent,classified,0,human_associated,0.10745991572631569,547,44,67.59759521484375,0.34926078025562285,0.8954493307839388,7.749915667003402
2761843E3DB6,ELL,Yes,Text dependent,classified,0,human_associated,0.016299600278867354,261,9,86.44286346435547,0.564933463579804,0.8725862068965518,7.310965349272827
27ECF3416910,ELL,Yes,Text dependent,classified,0,human_associated,0.0016401700897168538,238,11,161.6540069580078,0.45595214783035193,0.8594285714285714,7.043798462966263
284D36011581,ELL,Yes,Text dependent,classified,0,human_associated,0.04350120358967634,458,26,156.9990997314453,0.20754443732617092,0.8894613583138173,7.153862124428621
2875CE3A8253,non_ELL,No,Text dependent,classified,0,human_associated,0.11876640007400503,340,14,70.24251937866211,0.34550446890341396,0.8496153846153847,7.075664184852067
28DB8FB12DF2,ELL,Yes,Text dependent,classified,0,human_associated,1.2240059057623216e-06,364,19,337.34783935546875,0.40875971139861383,0.8934939759036145,7.3586641012832015
2912B4A5D526,non_ELL,No,Text dependent,classified,0,human_associated,0.19526371935391199,243,10,71.51305770874023,0.40963453652583937,0.8704672897196262,7.083484404794183
29577A60EA8B,non_ELL,No,Text dependent,classified,0,human_associated,0.08689510238132485,337,19,90.12016296386719,0.49560309721057527,0.8877170418006431,7.176987666487384
29A8E6DA6F04,ELL,Yes,Text dependent,classified,0,human_associated,7.621366157939333e-05,393,27,202.2162322998047,0.6685603776308001,0.8987912087912088,7.476184189765532
29C56EF2E579,ELL,Yes,Text dependent,classified,0,human_associated,8.911319089550034e-08,310,14,367.27752685546875,0.6333825543660226,0.9010810810810811,7.347162428172236
29C5DBB0A339,non_ELL,No,Text dependent,classified,0,human_associated,0.006766880143659567,364,17,109.05465698242188,0.7139254543853188,0.8958823529411765,7.31366274724256
29D9B49F8CDF,ELL,Yes,Text dependent,classified,0,human_associated,0.0002642789088694009,234,15,262.794677734375,0.5087350549553907,0.8815311004784689,6.54638000341823
2A0B8F686C8A,ELL,Yes,Text dependent,classified,0,human_associated,0.011770767245190654,206,19,128.43475341796875,0.4861535160982199,0.8624598930481283,6.923003195358319
2A53E83B0090,ELL,Yes,Text dependent,classified,0,human_associated,0.028866401797188964,206,6,98.20489501953125,0.5634178017015806,0.8840223463687151,7.1936679075208705
2A6678ABADEB,non_ELL,No,Text dependent,classified,0,human_associated,0.0003922554148565247,502,29,174.7311553955078,0.37429672262674835,0.8669509594882729,7.497491991351533
2A82FA178ECB,ELL,Yes,Text dependent,classified,0,human_associated,0.0001565772260517166,177,8,269.5404052734375,0.486284549558517,0.8815894039735099,6.63972219528956
2AA1EBF61654,ELL,Yes,Text dependent,classified,0,human_associated,0.2095081618595169,290,9,29.727256774902344,0.5959080241657744,0.85272030651341,6.950572034492428
2AA5F0CAEC6A,ELL,Yes,Text dependent,classified,0,human_associated,0.00021768146805417672,638,25,163.26856994628906,0.4847544530944343,0.8945394736842105,7.942737801022639
2AAC5A98D0C4,non_ELL,No,Text dependent,classified,0,human_associated,0.15742416083186303,429,20,80.35695266723633,0.4186626233671725,0.9130562347188264,7.6098742076665635
2ACDDB5546EB,non_ELL,No,Text dependent,classified,0,human_associated,0.016363912313588507,380,28,62.87060737609863,0.5289445347874521,0.8451540616246499,7.270162103148324
2B09B90BECB2,ELL,Yes,Text dependent,classified,0,human_associated,0.00011467986303680289,203,11,137.46356201171875,0.7523015593294057,0.8279545454545455,6.992032408510171
2B1C42B1F534,non_ELL,No,Text dependent,classified,0,human_associated,8.398903772972469e-11,382,22,423.4243927001953,0.5624927682003655,0.8243428571428572,7.495308093069808
2B2696900DDF,ELL,Yes,Text dependent,classified,0,human_associated,0.03394706144695412,183,8,153.81988906860352,0.4557297382838441,0.8984415584415585,6.917395914195292
2B2CA9F91879,ELL,Yes,Text dependent,classified,0,human_associated,0.0026039382324226394,303,15,115.45989990234375,0.6382475639469939,0.8551079136690648,7.059508146546832
2B3601A69135,ELL,Yes,Text dependent,classified,0,human_associated,0.0013358522535850213,208,7,183.2604522705078,0.5298497341140606,0.8817391304347826,7.016411203838987
2B48EAC02BF3,ELL,Yes,Text dependent,classified,0,human_associated,0.01816715352022985,367,14,91.57157897949219,0.4865865159965229,0.8696470588235294,7.3303911143508795
2B4A794ED0D8,non_ELL,No,Text dependent,classified,0,human_associated,0.00046641133399480584,479,16,176.30990600585938,0.5081596391912142,0.8650877192982456,7.165235240721594
2B5560516314,ELL,Yes,Text dependent,classified,0,human_associated,0.19419080315828144,277,10,113.30438232421875,0.34920528663932016,0.9084584980237155,7.2399665033771035
2B573F9EF4B0,ELL,Yes,Text dependent,classified,0,human_associated,2.705055716982977e-11,163,12,542.104736328125,0.5539829147837292,0.852463768115942,6.824899454935056
2B688160509C,non_ELL,No,Text dependent,classified,0,human_associated,0.04841995952607854,392,15,80.80630493164062,0.47855563584688826,0.8915675675675676,7.518943796979759
2B8821F207F4,non_ELL,No,Text dependent,classified,0,human_associated,0.011213461432696489,251,17,134.70602416992188,0.36563668332492005,0.87375,7.23971948817765
2B967783327C,non_ELL,No,Text dependent,classified,0,human_associated,0.0007878979142651714,584,45,115.7868423461914,0.5704696001987353,0.8683985765124556,7.653408239273081
2BC448B88B54,non_ELL,No,Text dependent,classified,0,human_associated,0.0003632090273142162,745,42,154.3821792602539,0.469078499197562,0.8901408450704226,7.887676578300101
2C2048E6F957,ELL,Yes,Text dependent,classified,0,human_associated,0.0540052192125043,271,19,95.47105407714844,0.4928887728520788,0.8846215139442232,7.203772380413226
2C20FC3AC128,non_ELL,No,Text dependent,classified,0,human_associated,0.0003259072907187735,251,13,123.8578109741211,0.6912971785830689,0.8187610619469027,6.878969013644556
2C283B3AD1F5,ELL,Yes,Text dependent,classified,0,human_associated,0.10839836343069645,428,20,86.7213134765625,0.4331193851600199,0.8963591022443891,7.388605243180028
2C6DB9C6008B,non_ELL,No,Text dependent,classified,0,human_associated,0.0011252767092330709,336,12,143.00215911865234,0.5005690376305884,0.8545222929936306,7.198093137031925
2CC445B54C45,non_ELL,No,Text dependent,classified,0,human_associated,0.009685124829948715,296,13,107.76054382324219,0.5184646038161864,0.8417712177121771,6.864227468931775
2CEA555561C1,non_ELL,No,Text dependent,classified,0,human_associated,0.0015139065371769238,243,13,119.80047607421875,0.5499710284678696,0.8227802690582959,6.865591196847673
2CF5EC4E36F2,ELL,Yes,Text dependent,classified,0,human_associated,0.00011862166240199299,373,27,192.62808227539062,0.35956904740375206,0.8426361031518624,7.282501495345151
2D08A68E70CD,ELL,Yes,Text dependent,classified,0,human_associated,2.3125935563645747e-08,180,10,434.9652862548828,0.5808846306590024,0.8892105263157895,6.844131456236215
2D10F2D7A580,ELL,Yes,Text dependent,classified,0,human_associated,0.00020206757259424985,254,12,240.93409729003906,0.5247072640970106,0.9101754385964912,7.219886263358861
2D35D2209C2C,ELL,Yes,Text dependent,classified,0,human_associated,3.368399306061453e-05,234,9,250.41641235351562,0.5091135407288802,0.8682926829268293,7.007915398087487
2D36D77E0BF4,non_ELL,No,Text dependent,classified,0,human_associated,4.253476412686486e-05,279,11,192.46482849121094,1.1693825812375414,0.9114728682170543,6.97808754484006
2D88A5F1C0C3,non_ELL,No,Text dependent,classified,0,human_associated,0.003005115979214841,319,17,81.60848236083984,0.5506434326721948,0.8278200692041523,7.198266723283064
2D8C767B44E7,ELL,Yes,Text dependent,classified,0,human_associated,0.00023219958143789234,308,21,174.0968475341797,0.6900637771459429,0.8818374558303888,7.2529288892634725
2D9010823094,ELL,Yes,Text dependent,classified,0,human_associated,0.08509991940757014,351,20,83.88465881347656,0.4278392081601822,0.8700307692307693,7.13746867407568
2D9481E29A45,ELL,Yes,Text dependent,classified,0,human_associated,0.0003006894014186014,237,7,192.63587951660156,0.5774504290230569,0.8737254901960785,7.07705630578672
2DABAC90201A,ELL,Yes,Text dependent,classified,0,human_associated,8.932428302120389e-08,242,13,313.6576232910156,0.8130177289855974,0.8562962962962963,7.013596037039204
2DC33D804E4A,ELL,Yes,Text dependent,classified,0,human_associated,0.0006135106283521859,436,23,115.85455322265625,0.6263938131701439,0.8488549618320611,7.344599456680627
2DFFB145BE07,non_ELL,No,Text dependent,classified,0,human_associated,0.01684553499757343,346,21,81.34386444091797,0.4738681652762546,0.8730718954248367,7.535081951342495
2E345725190C,ELL,Yes,Text dependent,classified,0,human_associated,0.005443897440318094,471,21,97.92914581298828,0.5694800077477493,0.8853932584269663,7.6166471655768415
2E4A8624CB67,ELL,Yes,Text dependent,classified,0,human_associated,1.0450536598695768e-06,356,16,242.35174560546875,0.5668481916950812,0.8426268656716418,7.490030923020202
2E4AFCD3987F,non_ELL,No,Text dependent,classified,0,human_associated,2.531768288446697e-07,382,22,299.4594955444336,0.6171789314204533,0.8813370473537605,7.622391301474924
2E6230521AC4,non_ELL,No,Text dependent,classified,0,human_associated,0.1374824268634215,319,21,51.29207229614258,0.6229313591888511,0.8824406779661017,7.184738486017212
2E67DBD40D46,ELL,Yes,Text dependent,classified,0,human_associated,0.0006900943672956864,233,12,223.9641571044922,0.3074578362090864,0.8684878048780488,6.94596420769329
2E8CF5A1698D,non_ELL,No,Text dependent,classified,0,human_associated,0.003308946685198268,254,6,168.25035095214844,0.4846631129514208,0.8732758620689656,6.933095423070861
2E9B5CD4716D,ELL,Yes,Text dependent,classified,0,human_associated,0.006789254392266615,186,9,120.89527893066406,0.5913021655823139,0.8525786163522012,6.815459990387253
2EEB19BB460B,non_ELL,No,Text dependent,classified,0,human_associated,0.006312070950884816,347,9,157.23269653320312,0.48036661088810456,0.8927554179566564,7.172813525868862
2F2A39B3108A,ELL,Yes,Text dependent,classified,0,human_associated,0.011395280685801177,289,12,100.47432708740234,0.4700890101249727,0.8357735849056603,6.914313207248251
2F5B4EFC880B,non_ELL,No,Text dependent,classified,0,human_associated,0.0008211777025828136,485,31,104.78047180175781,0.47808842773624033,0.8294967177242888,7.408975713631876
2F889A4F325B,ELL,Yes,Text dependent,classified,0,human_associated,5.498192741746307e-05,354,19,232.0435791015625,0.4958107618077024,0.899625,7.547595774991718
2FA703D6B89C,non_ELL,No,Text dependent,classified,0,human_associated,0.0015041610755467452,627,30,68.24376678466797,0.5233309367852733,0.8365656565656566,7.688121642156648
2FC2AD6AF52E,non_ELL,No,Text dependent,classified,0,human_associated,0.002279895702493448,913,42,72.34994506835938,0.5538809364604639,0.8946118721461187,8.273618674663586
2FD6D85D69DD,non_ELL,No,Text dependent,classified,0,human_associated,0.0032178891542652987,253,13,143.37091064453125,0.5386655551649471,0.8801777777777778,7.216217598185788
2FE74FFEB8A3,non_ELL,No,Text dependent,classified,0,human_associated,0.0002605706238072644,515,16,92.54267501831055,0.7621830993423279,0.8547193347193347,7.647020032325114
3009A8F385F7,ELL,Yes,Text dependent,classified,0,human_associated,1.8398896455568336e-07,146,11,410.2200012207031,0.771297217463906,0.9271186440677966,6.783906789105919
301EA5259E90,non_ELL,No,Text dependent,classified,0,human_associated,0.015911754084347966,452,25,82.22521209716797,0.4542827909101582,0.8737882352941176,7.5850804271637084
3034D1B95D44,non_ELL,No,Text dependent,classified,1,ai_associated,0.7643991030506926,219,9,57.604888916015625,0.4303355933199097,0.8857435897435898,6.778821170576776
305B4157DD19,non_ELL,No,Text dependent,classified,0,human_associated,0.0010329064075093768,673,34,65.4465560913086,0.6426751825365019,0.8303490136570562,7.506916603610477
30A900519B84,ELL,Yes,Text dependent,classified,0,human_associated,3.9460748651609626e-08,349,11,309.0726318359375,0.7820292139978189,0.867875,7.4793591900741525
30BEAF533E9F,non_ELL,No,Text dependent,classified,0,human_associated,0.005247311995476822,353,25,99.86495971679688,0.5095360598492716,0.8469512195121951,7.191110819420638
30C658C339C5,non_ELL,No,Text dependent,classified,0,human_associated,0.055364511464307604,262,20,108.32310485839844,0.3549170858571426,0.8696610169491525,7.10250482512848
311682FBF470,non_ELL,No,Text dependent,classified,0,human_associated,0.0004118791661841933,356,19,163.14109802246094,0.7369397669651294,0.8869090909090909,7.219948127733329
311BFAE6C922,non_ELL,No,Text dependent,classified,0,human_associated,0.02311246772700779,315,17,96.27826690673828,0.4967545773938893,0.84,6.794959173012881
312812841AB3,non_ELL,No,Text dependent,classified,0,human_associated,1.445808546230377e-07,552,20,286.5637969970703,0.7141563394569166,0.8800735294117648,7.709086575310801
313229323B6E,non_ELL,No,Text dependent,classified,0,human_associated,0.1016019195542693,454,23,97.36333465576172,0.25794189891785735,0.9003720930232558,7.663209781081929
316F3A2E2E5F,non_ELL,No,Text dependent,classified,0,human_associated,0.00021580278632853572,594,21,158.308349609375,0.4081890061240692,0.8697690941385435,7.805138776403288
3178219EF1B3,ELL,Yes,Text dependent,classified,0,human_associated,0.05815582488189163,440,19,70.58084106445312,0.4084034961136597,0.8560576923076924,7.233770772368556
318B9B177D68,non_ELL,No,Text dependent,classified,0,human_associated,0.00026695132724711425,421,24,186.20624542236328,0.43922145634399534,0.8776354679802956,7.4869798966012615
318CF7D2CA80,ELL,Yes,Text dependent,classified,0,human_associated,0.1486088676018897,338,10,89.21298599243164,0.5008189435037201,0.9237540453074433,7.52021048073858
31F08BEA89C9,ELL,Yes,Text dependent,classified,0,human_associated,0.001092568951526767,210,12,135.10792541503906,0.3620368420621989,0.7863101604278075,6.621907646388534
31F109F70507,ELL,Yes,Text dependent,classified,0,human_associated,0.0029224063474381553,320,21,67.89110565185547,0.659140267483076,0.8111724137931035,6.933965319948169
31FF4480A205,non_ELL,No,Text dependent,classified,0,human_associated,0.006061481952885641,256,13,145.64700317382812,0.432014873585805,0.8779310344827587,7.201447849822434
3243F42C2846,non_ELL,No,Text dependent,classified,0,human_associated,0.01394592089194408,266,16,124.76612854003906,0.4115353351084347,0.8880334728033473,7.408289045796396
325FE13C0550,ELL,Yes,Text dependent,classified,0,human_associated,0.131745616301542,211,11,196.9249267578125,0.29175967765467864,0.9184699453551912,6.647259725888234
32A121824D02,ELL,Yes,Text dependent,classified,0,human_associated,0.007383142960024466,369,18,85.78764724731445,0.47051440468798317,0.854319526627219,7.439096847174329
32CAFD6F8354,non_ELL,No,Text dependent,classified,0,human_associated,0.0001141961555284428,425,29,165.71359252929688,0.48909317787051176,0.8607,7.603790547638913
3383B3E35D18,ELL,Yes,Text dependent,classified,0,human_associated,0.00018090746848844542,456,17,114.24684143066406,0.5828347823453335,0.8165197215777262,7.300838744871297
34081AC02B47,non_ELL,No,Text dependent,classified,0,human_associated,0.000586025289341729,336,19,117.41136169433594,0.5208678765938236,0.829126213592233,7.2642125171100975
347D6A056DBE,non_ELL,No,Text dependent,classified,0,human_associated,0.09119492119784017,391,25,104.48699951171875,0.3771752186048819,0.9051771117166213,7.4571945370628825
3493BED78E8E,non_ELL,No,Text dependent,classified,0,human_associated,0.0005338184523112384,558,38,142.30714416503906,0.36596911159599577,0.8512293577981651,7.591200950155889
35BB08D0166E,ELL,Yes,Text dependent,classified,0,human_associated,6.95696024961583e-05,371,14,199.5943145751953,0.48675746244427087,0.8551162790697674,7.26896771249323
35DA1D474645,ELL,Yes,Text dependent,classified,0,human_associated,0.0007440383236174385,276,17,149.56170654296875,0.5913570631296577,0.8808032128514056,7.414933332108421
35F5213FB76E,ELL,Yes,Text dependent,classified,0,human_associated,8.932885401879706e-05,259,8,294.3628234863281,0.36448812327809677,0.9284388185654009,7.357308762761201
360DAF43CFF9,ELL,Yes,Text dependent,classified,0,human_associated,0.0034151239745235165,459,17,149.88775634765625,0.468258217500491,0.9082134570765661,7.639139265038021
3679FD464B98,ELL,Yes,Text dependent,classified,0,human_associated,0.0008315981504188379,288,19,223.48252868652344,0.4460578761099698,0.9184615384615384,7.330453819228515
36F89CC566E6,ELL,Yes,Text dependent,classified,0,human_associated,0.0012760144839008417,277,18,129.53472137451172,0.44706369857752815,0.8267193675889328,7.040329293952003
3713AC622BFF,ELL,Yes,Text dependent,classified,0,human_associated,6.96708967541738e-06,195,8,256.16483306884766,0.5722609514348826,0.8462275449101796,6.910152339464819
375EFDE3B08A,non_ELL,No,Text dependent,classified,0,human_associated,0.17945010666407718,298,14,126.69618606567383,0.4748789154691501,0.9376296296296296,7.27713848102009
377548575048,ELL,Yes,Text dependent,classified,0,human_associated,0.0023382110522445496,250,17,176.47499084472656,0.5202616192771155,0.8819047619047619,6.9765532176287675
37A77BEAD718,ELL,Yes,Text dependent,classified,0,human_associated,1.9064131197621783e-05,172,8,177.1099624633789,0.6596504263649625,0.7643835616438356,6.285820424796297
37C1109CAE04,non_ELL,No,Text dependent,classified,0,human_associated,0.06798311428401688,325,16,77.32024383544922,0.6856898541998399,0.8963455149501661,7.153823367111351
37D329C27338,ELL,Yes,Text dependent,classified,0,human_associated,7.448767477375379e-06,344,26,250.3792495727539,0.478574318056919,0.8694080996884735,7.447588983766052
37D7B6975F21,ELL,Yes,Text dependent,classified,0,human_associated,0.002509985386781732,223,8,129.95800018310547,0.2844055046972506,0.8046231155778895,6.86953740027493
37E0CC5A4DFA,ELL,Yes,Text dependent,classified,0,human_associated,0.02585713143179078,352,22,112.68648147583008,0.4514840671141104,0.8950920245398774,7.414147135507421
37E92AE1EE00,ELL,Yes,Text dependent,classified,0,human_associated,0.008409190484131824,291,11,123.60193634033203,0.39379094445873103,0.8447328244274809,6.9896063438238345
384D9E9B4369,ELL,Yes,Text dependent,classified,0,human_associated,4.932395697642899e-07,405,26,373.77330017089844,0.37276146169146535,0.8784293193717277,7.0287647363991
38C0F11C9F00,non_ELL,No,Text dependent,classified,0,human_associated,0.0008632153195302042,339,18,147.41995239257812,0.43158430369371564,0.8301910828025478,7.008787361255899
38F38B0E6F05,ELL,Yes,Text dependent,classified,0,human_associated,1.0927407875383093e-05,301,8,255.96060943603516,0.519062836605554,0.8838951310861424,7.413436874960253
38F668E609B3,non_ELL,No,Text dependent,classified,0,human_associated,0.034199771966437295,362,17,84.31600952148438,0.4397356291359838,0.8744378698224852,7.405991432512215
396A37B6D921,non_ELL,No,Text dependent,classified,0,human_associated,6.303540112303397e-05,170,4,215.22886657714844,0.7984474731295346,0.8784,6.858046690284966
396DC89B7485,non_ELL,No,Text dependent,classified,0,human_associated,7.343053938146796e-05,515,32,202.56700134277344,0.3737316189960946,0.8558691206543967,7.440737258312988
3978B5847C18,non_ELL,No,Text dependent,classified,0,human_associated,0.06704704853594845,382,21,94.90211486816406,0.4335370251961918,0.9062952646239555,7.558478158559884
39CAEB5135DB,ELL,Yes,Text dependent,classified,0,human_associated,0.0015515595513474732,289,15,149.1757354736328,0.5352605004569053,0.88,7.332486160069776
39DD51C9D811,ELL,Yes,Text dependent,classified,0,human_associated,0.0017115281836598678,235,14,130.33325958251953,0.684005025721749,0.8788571428571429,7.232277020511616
39FB33F80F55,non_ELL,No,Text dependent,classified,0,human_associated,0.00572232437636103,156,7,132.531494140625,0.6347161439047642,0.8649624060150376,6.814008102700821
3A5EFAA964EC,non_ELL,No,Text dependent,classified,0,human_associated,0.002161454426926103,551,30,103.98907852172852,0.4914727629422095,0.8739278937381404,7.76169741511433
3A7412AECF21,non_ELL,No,Text dependent,classified,0,human_associated,4.4114736045993674e-08,455,23,355.12738037109375,0.6478987013976238,0.9037383177570093,7.665608783424842
3AAF5AE486B2,non_ELL,No,Text dependent,classified,0,human_associated,0.01733516323277821,384,19,96.34789276123047,0.4785416580500573,0.8902824858757062,7.583538558765398
3AD47B68A985,non_ELL,No,Text dependent,classified,0,human_associated,0.03882756834768099,839,30,52.25954627990723,0.35141881480270126,0.8744416873449131,7.900031806767827
3AFCB4C6285D,non_ELL,No,Text dependent,classified,0,human_associated,0.0030844569274912016,316,17,153.67626953125,0.3958132161348032,0.8842906574394463,7.429123804485053
3B10392A5D9B,non_ELL,No,Text dependent,classified,0,human_associated,0.1527364948046511,350,23,72.9284439086914,0.456797297184326,0.9031384615384616,7.497506317700811
3B10FD21BF95,ELL,Yes,Text dependent,classified,0,human_associated,0.0006361926132623299,499,15,132.69805908203125,0.7154890643675635,0.8865271966527196,7.493265566253497
3B783778AA40,non_ELL,No,Text dependent,classified,0,human_associated,0.012188760562551741,450,21,86.33209228515625,0.4438173238370192,0.8566588235294118,7.3906173954872205
3B9E54F5907B,non_ELL,No,Text dependent,classified,0,human_associated,0.035001876297056395,363,14,75.84925079345703,0.7286894872483113,0.9160479041916167,7.529600755562409
3BB9E5810173,ELL,Yes,Text dependent,classified,0,human_associated,5.019496374829619e-05,460,14,163.72100830078125,0.645421779068887,0.8726340326340326,7.700913701472356
3BCA170070B3,ELL,Yes,Text dependent,classified,0,human_associated,0.018678244839086557,157,8,78.37703323364258,0.6140405549304705,0.8375572519083969,6.801365199603755
3BD4064486ED,ELL,Yes,Text dependent,classified,0,human_associated,0.000857726613659202,232,10,121.42316055297852,0.5722639482184458,0.840990099009901,7.192537219014153
3C01D1FB2BBF,non_ELL,No,Text dependent,classified,0,human_associated,0.047363398554718265,843,29,78.72998046875,0.3001125121235694,0.8803892944038929,7.724985408633018
3C0AD7817D49,non_ELL,No,Text dependent,classified,0,human_associated,0.012943856641565867,384,17,72.98368835449219,0.37185371942360035,0.815933147632312,7.105519545056048
3C0B0AE82FE1,non_ELL,No,Text dependent,classified,0,human_associated,0.0018568714073092243,317,12,122.26678848266602,0.568340886824416,0.8724137931034482,7.42934528902997
3C11CE4316CA,ELL,Yes,Text dependent,classified,0,human_associated,0.0037973608955034,300,11,114.66790008544922,0.5745535222950702,0.8569395017793594,7.118592902684129
3C9D9C9C1A16,ELL,Yes,Text dependent,classified,0,human_associated,0.0004321530486508936,277,16,208.7701187133789,0.47028721865176265,0.88704,7.184545840960181
3D93701B4E8D,non_ELL,No,Text dependent,classified,0,human_associated,0.01198951146401294,257,9,180.01760864257812,0.5129751369455057,0.8901724137931034,6.661586377888067
3D9CBC4F434F,ELL,Yes,Text dependent,classified,0,human_associated,0.0012798294638143796,519,15,154.9165802001953,0.5287093035844868,0.9137525354969575,7.785808101750593
3DA49C7B4B14,ELL,Yes,Text dependent,classified,0,human_associated,0.022184923731986873,161,11,234.750732421875,0.5294680413154603,0.9460740740740741,6.619148599788748
3DB1BD9129DB,non_ELL,No,Text dependent,classified,0,human_associated,0.0014301195757013595,247,13,126.74212646484375,0.5520144925633746,0.8407174887892377,7.041149323064648
3DC83E501E90,ELL,Yes,Text dependent,classified,0,human_associated,3.5930945808337435e-05,388,17,149.4221954345703,0.8050760209948178,0.8543783783783784,7.401664939530201
3E5E0038C60A,ELL,Yes,Text dependent,classified,0,human_associated,0.0062040810763008426,632,30,83.36623001098633,0.47536905624867365,0.8746141215106732,7.776452815449476
3E6C4593D2EE,non_ELL,No,Text dependent,classified,0,human_associated,0.00045568858831948275,595,47,95.82209777832031,0.7985133165471441,0.8823776223776224,7.782985972508538
3EC88BE82F4F,non_ELL,No,Text dependent,classified,0,human_associated,0.0044072803744058964,607,30,80.62080383300781,0.5512694173445979,0.8747260273972602,7.752935601082001
3EF3E5B52108,ELL,Yes,Text dependent,classified,0,human_associated,0.013852433713508028,273,18,119.15624237060547,0.46093149780150905,0.8525301204819277,6.899320722383032
3F0A1388CDCE,ELL,Yes,Text dependent,classified,1,ai_associated,0.5052883624619497,166,9,122.67532348632812,0.39823015659004096,0.9208571428571428,6.86014524702032
3F0C266099A0,ELL,Yes,Text dependent,classified,0,human_associated,2.998009035474567e-07,282,20,321.12420654296875,0.6017862462368544,0.8711627906976744,7.225613939878494
3F15318ECD44,non_ELL,No,Text dependent,classified,0,human_associated,6.880126936059082e-07,478,25,241.21856689453125,0.9113343169597634,0.8843362831858407,7.537238384193586
3F32AA4DA912,ELL,Yes,Text dependent,classified,0,human_associated,0.015822819185899385,389,27,105.6989974975586,0.2994667392509433,0.8592757660167131,7.408394443848718
3F3788D4C6D8,ELL,Yes,Text dependent,classified,0,human_associated,0.003958814717823491,185,8,125.62278747558594,0.6000909732742413,0.8380246913580247,6.679786506752757
3F4D99269C8D,non_ELL,No,Text dependent,classified,0,human_associated,0.004275173494331693,334,25,137.00857543945312,0.4260295104224617,0.8763517915309447,7.374410524508773
3F8C4D2CA16E,non_ELL,No,Text dependent,classified,0,human_associated,1.1921703350112395e-05,338,16,209.06878662109375,0.6897462667411632,0.8605607476635514,7.291382850853149
3F98D44407D0,ELL,Yes,Text dependent,classified,0,human_associated,7.259527786545491e-05,296,18,197.41725158691406,0.6381534447172755,0.8813740458015267,7.361465649475911
40714DE69215,ELL,Yes,Text dependent,classified,0,human_associated,0.00386161699420398,542,24,103.85269165039062,0.5598846879598962,0.8688336520076482,7.425947908583736
4094C6225C49,non_ELL,No,Text dependent,classified,0,human_associated,5.740885975479476e-06,158,7,336.88726806640625,0.39843317461482936,0.8574814814814815,6.516194001066372
40E7A7FDF48D,non_ELL,No,Text dependent,classified,0,human_associated,0.05684840100744064,173,6,149.50161361694336,0.327462066442325,0.8747368421052631,6.748725176771293
411AE0653A8C,non_ELL,No,Text dependent,classified,0,human_associated,1.7605648587327434e-10,265,16,347.8941192626953,0.7255234256243571,0.7686307053941909,7.112139700481051
41395A333EE6,non_ELL,No,Text dependent,classified,0,human_associated,0.2320113711131257,435,29,46.12106895446777,0.509861076559831,0.8854634146341464,7.337102527190855
413FE0669882,ELL,Yes,Text dependent,classified,0,human_associated,5.455261442340284e-07,177,8,237.66524505615234,0.9216196157034542,0.8100662251655629,6.60442116169784
41B1A68CF24B,non_ELL,No,Text dependent,classified,0,human_associated,0.2386611331467591,365,18,73.93233108520508,0.33355721228484925,0.8798826979472141,7.262029112135642
41CE5718C5EE,ELL,Yes,Text dependent,classified,0,human_associated,0.0003523421742195653,271,14,219.0460662841797,0.4754698542670518,0.8985892116182572,7.265487433233869
41E37DB7A063,ELL,Yes,Text dependent,classified,0,human_associated,0.0015132752181686155,360,12,122.19686508178711,0.4665205023094311,0.8606606606606607,7.507869709742645
42017C1963DB,ELL,Yes,Text dependent,classified,0,human_associated,0.0014567569171784658,445,30,157.14925384521484,0.4513675616871727,0.8812621359223302,7.429360159512051
42026F24F38C,ELL,Yes,Text dependent,classified,0,human_associated,5.19895918908574e-07,405,25,295.9500732421875,0.5012834684197847,0.8366315789473684,7.092103166301889
438D2F70E555,non_ELL,No,Text dependent,classified,0,human_associated,0.04195996038981608,466,29,78.99942016601562,0.41151070279194524,0.8588235294117648,7.2539874193145355
43ADEC748E1A,non_ELL,No,Text dependent,classified,0,human_associated,0.004024954147831053,257,11,207.97463989257812,0.48248309900804026,0.9180952380952381,7.048947752102008
43F38F3AAF7A,ELL,Yes,Text dependent,classified,0,human_associated,0.017879559173463618,367,10,128.25073623657227,0.5541822161884576,0.9221238938053098,7.508191423569014
44097BA9A171,ELL,Yes,Text dependent,classified,0,human_associated,0.02952471454993709,241,20,159.59204864501953,0.37959731804646346,0.8897695852534562,6.909464631177296
4441EEF0E6FD,non_ELL,No,Text dependent,classified,0,human_associated,0.008499989110568125,426,24,101.14502334594727,0.28472073455568275,0.840096618357488,7.379444225512233
444DC9706435,ELL,Yes,Text dependent,classified,0,human_associated,0.0011225009710608609,226,8,112.56027603149414,0.6783049553498656,0.8416161616161616,7.040361126319956
44564292521C,non_ELL,No,Text dependent,classified,0,human_associated,0.030763676730300015,559,22,62.14010047912598,0.4495368152925379,0.8498298676748582,7.3310237590652685
445FC339B11B,ELL,Yes,Text dependent,classified,1,ai_associated,0.5351664696913203,294,12,107.50395584106445,0.32317979490774174,0.9091851851851852,6.982415295622286
4478B3244F49,non_ELL,No,Text dependent,classified,0,human_associated,0.1370464806217818,318,10,77.61806297302246,0.4458102672735811,0.9013605442176871,7.4713143553616
4483D41956AE,ELL,Yes,Text dependent,classified,0,human_associated,0.0056683857195580405,302,22,219.35595703125,0.3315429860855837,0.9253818181818182,7.213556514666515
448CB43A2D43,non_ELL,No,Text dependent,classified,0,human_associated,0.007776623974946643,377,13,94.71991729736328,0.7704857088009937,0.9059025787965616,7.474042185617261
44975DEF87EC,ELL,Yes,Text dependent,classified,0,human_associated,0.001989626416572224,152,6,212.1109390258789,0.5616201093720357,0.8753488372093023,6.446690335208279
44B560256490,ELL,Yes,Text dependent,classified,0,human_associated,1.5477144700227215e-08,250,14,370.8451843261719,0.4868750245227587,0.8241441441441442,6.956506977945685
44BD004D9B29,ELL,Yes,Text dependent,classified,0,human_associated,0.0010254956725292321,287,6,105.68966674804688,0.8630131323836658,0.8226615969581749,6.541803743646377
44E1D37DCE9B,ELL,Yes,Text dependent,classified,0,human_associated,1.5021382274592536e-10,398,16,369.6053009033203,0.38880361127173846,0.7414713896457765,7.15598932229019
4510E0D4FDEE,non_ELL,No,Text dependent,classified,0,human_associated,0.022330261116368422,462,22,91.83896255493164,0.5560040133918569,0.9041095890410958,7.617031788599794
451D81265E8E,non_ELL,No,Text dependent,classified,0,human_associated,0.004047592505187449,729,24,68.19904327392578,0.5828666636521832,0.8627195467422096,7.692898297999403
455C891CB795,non_ELL,No,Text dependent,classified,0,human_associated,2.3469234054137074e-06,414,13,260.22552490234375,0.659110808812784,0.8792727272727273,7.418891348187278
455D0FE2839E,ELL,Yes,Text dependent,classified,0,human_associated,4.4810489683190894e-05,183,12,283.8824768066406,0.3173168802920156,0.8769811320754717,7.030942724157042
45B5A490A40B,non_ELL,No,Text dependent,classified,0,human_associated,0.009269904989591432,188,8,278.35560607910156,0.41444524131451216,0.9295121951219513,6.327570975653961
45C0A94A1668,ELL,Yes,Text dependent,classified,0,human_associated,8.690629261004122e-05,308,15,227.2967987060547,0.578818170247284,0.8935664335664336,7.254318766458469
45D4FB5A91C1,non_ELL,No,Text dependent,classified,0,human_associated,0.0033931731303292532,467,24,55.035593032836914,0.7889161545126336,0.8738181818181818,7.656365158529056
45EBD1AF6D37,ELL,Yes,Text dependent,classified,0,human_associated,0.00011591411259079464,343,18,242.4213638305664,0.5291292474248362,0.9083018867924528,7.304852495541818
4642829BC8A4,non_ELL,No,Text dependent,classified,0,human_associated,0.0006474921128683003,336,4,130.27305221557617,0.5763285258871823,0.8538511326860841,7.3283503446878075
4660A7A9BCF1,non_ELL,No,Text dependent,classified,0,human_associated,0.01290822146950275,436,15,121.41921997070312,0.38762249168924845,0.9002941176470588,7.67624869476312
46D1A8FC5D49,non_ELL,No,Text dependent,classified,0,human_associated,0.028742488665416125,688,28,95.44023513793945,0.4704978107736795,0.8939759036144579,7.532835204337077
47953D11C79C,ELL,Yes,Text dependent,classified,0,human_associated,1.3515482087991961e-07,287,13,378.2456970214844,0.44030730565819365,0.895632183908046,7.4031651445069935
47CA068D14AD,ELL,Yes,Text dependent,classified,0,human_associated,0.006201949348241961,180,7,96.81339263916016,0.6634263874393734,0.8322147651006712,6.700469937392243
47DAF3375BF3,non_ELL,No,Text dependent,classified,0,human_associated,0.016445946608122597,692,33,95.70989990234375,0.476245442261158,0.9083614088820827,7.854076578250877
47F56748F9C4,ELL,Yes,Text dependent,classified,0,human_associated,7.105275982661606e-07,171,6,253.2838592529297,0.8407189711158775,0.8221621621621622,6.676778040773284
48237AFE924E,non_ELL,No,Text dependent,classified,0,human_associated,0.06745656838334058,440,22,115.59616470336914,0.43926583413728043,0.8995121951219512,7.2195130282282785
4857AEE59902,non_ELL,No,Text dependent,classified,0,human_associated,0.07133153582316856,217,8,145.03895568847656,0.3446695795245398,0.9002061855670103,7.055079560052022
4895FD6B8393,ELL,Yes,Text dependent,classified,0,human_associated,0.2776167098066361,292,12,88.23616027832031,0.4650613245808804,0.9014022140221403,7.100684083473571
48F2F2876E3D,non_ELL,No,Text dependent,classified,0,human_associated,0.13851559733211924,361,12,63.92142105102539,0.41137587224583927,0.8744705882352941,7.32107345903553
4905342C1EF9,ELL,Yes,Text dependent,classified,0,human_associated,0.0022023613633599375,177,5,111.31777954101562,0.5406487426351384,0.7929411764705883,6.481327200466496
490B52475D1E,ELL,Yes,Text dependent,classified,0,human_associated,0.0011084246856136988,548,18,84.41451644897461,0.723312712793242,0.8555984555984556,7.469687156606073
492936A290D5,non_ELL,No,Text dependent,classified,0,human_associated,0.001173887555368425,505,25,109.20723724365234,0.5951592320555793,0.8568421052631578,7.427922094942536
493DE86CC0CD,non_ELL,No,Text dependent,classified,0,human_associated,0.005335650184165247,308,20,144.45679473876953,0.5222472683714398,0.873006993006993,7.012837031737254
496EB21D745B,ELL,Yes,Text dependent,classified,0,human_associated,3.176903818375571e-05,251,12,205.39720916748047,0.4373847756414041,0.8275555555555556,7.11022677647107
496F3A8F4F7D,ELL,Yes,Text dependent,classified,0,human_associated,5.66454909482052e-05,263,16,234.2182159423828,0.41045228400945466,0.8821940928270042,7.435853277717357
497ABA456900,non_ELL,No,Text dependent,classified,0,human_associated,5.119956585346814e-05,501,19,228.1211395263672,0.5227287378108586,0.9052676659528908,7.636576708646297
497E63C46A84,non_ELL,No,Text dependent,classified,1,ai_associated,0.6535396060999152,241,11,63.490928649902344,0.42688570479541443,0.8744954128440368,6.697585687470891
49BF71773C4D,non_ELL,No,Text dependent,classified,0,human_associated,0.0014426294809700376,322,22,101.07143783569336,0.318610334532825,0.7875254237288135,7.036388752151137
49CC4EA5F3AF,ELL,Yes,Text dependent,classified,0,human_associated,0.4523195686393232,401,14,65.04421424865723,0.4460163870784241,0.897989417989418,7.165720184070033
49EC678EC9BB,non_ELL,No,Text dependent,classified,0,human_associated,0.004656028469824135,458,21,75.51107025146484,0.47414746319836004,0.8507476635514019,7.61327949293358
49ED2C7B57AD,non_ELL,No,Text dependent,classified,0,human_associated,0.17882161639992886,180,11,114.43057250976562,0.3639957460562343,0.8700653594771242,6.702176654369081
49ED588E79B1,ELL,Yes,Text dependent,classified,0,human_associated,0.39266516966443693,225,16,145.02981567382812,0.2812299186154545,0.9035643564356436,6.698649193968526
4A287820DAAF,non_ELL,No,Text dependent,classified,0,human_associated,0.328896934795286,250,14,64.54884719848633,0.3222700593040631,0.8500900900900901,6.874843755406839
4ACC669C808C,non_ELL,No,Text dependent,classified,0,human_associated,1.8613595206743486e-07,250,16,327.547607421875,0.7258686661079313,0.8880349344978166,7.269827816456927
4AE962B7BDAA,ELL,Yes,Text dependent,classified,0,human_associated,4.003143022567039e-08,249,11,248.79949951171875,1.5906851113322433,0.8889867841409692,6.9553228024107865
4AEA13D034F3,non_ELL,No,Text dependent,classified,1,ai_associated,0.7543709798473582,216,10,81.48870849609375,0.39298579397322714,0.8741052631578947,6.432027083255216
4C0EB60473E1,ELL,Yes,Text dependent,classified,0,human_associated,0.0005621158857266936,259,17,225.75929260253906,0.4639340872129429,0.9003448275862069,7.120677354530987
4C2FA98111DA,non_ELL,No,Text dependent,classified,0,human_associated,0.29898889285176167,365,17,66.27560424804688,0.42700668700127126,0.8945029239766082,7.300420355897836
4C8855AB5EBA,non_ELL,No,Text dependent,classified,0,human_associated,0.022645478912514644,342,23,117.0011978149414,0.4489916450223417,0.9030967741935484,7.511902840798117
4D0233F6C1E8,non_ELL,No,Text dependent,classified,0,human_associated,0.0008750689227919942,626,39,129.8979034423828,0.5731807605027635,0.8939792387543253,7.811011677179394
4D2C67616599,ELL,Yes,Text dependent,classified,0,human_associated,0.0009010390401334687,320,15,202.83700561523438,0.49574808097712664,0.9146206896551724,7.400971691640634
4D8415D5FABD,ELL,Yes,Text dependent,classified,0,human_associated,3.432646992673963e-05,375,14,243.31792449951172,0.5505802086749813,0.8938681948424069,7.355338086558565
4E0C8B6B069B,non_ELL,No,Text dependent,classified,0,human_associated,0.003916237158719922,328,19,137.57156372070312,0.5079681724719631,0.8753548387096775,7.224860873530979
4E2B21AF8C1D,ELL,Yes,Text dependent,classified,0,human_associated,3.283745305473012e-05,212,5,220.79652404785156,0.8593644752047385,0.8797860962566845,6.860450627164673
4E82D37B94C6,non_ELL,No,Text dependent,classified,0,human_associated,0.19247994026064363,182,12,156.59539794921875,0.31347962199257634,0.9117948717948718,6.863327827435658
4E889102AE54,ELL,Yes,Text dependent,classified,0,human_associated,0.0002560277277330055,335,20,196.5279312133789,0.39709592279426725,0.8664516129032258,7.305670492676039
4EBE610AF54A,ELL,Yes,Text dependent,classified,0,human_associated,1.1906951418851794e-06,405,17,249.18809509277344,0.4336922540909676,0.8314736842105264,7.474477183052396
4EC13202EA24,non_ELL,No,Text dependent,classified,0,human_associated,0.007924877123787755,451,15,88.87244415283203,0.6733476405932873,0.8950230414746544,7.5667024145515
4EC695D24F3F,non_ELL,No,Text dependent,classified,1,ai_associated,0.6519919325638616,317,14,83.5455436706543,0.35357003460538544,0.9339310344827586,7.415963592381615
4EF6C70DC809,ELL,Yes,Text dependent,classified,0,human_associated,0.00014799183074977159,416,19,178.81849670410156,0.5967577169269227,0.8810204081632653,7.470125764635249
4F822DEAEE6E,non_ELL,No,Text dependent,classified,0,human_associated,0.002624348673431096,415,18,155.2987060546875,0.43462962467510996,0.9011764705882352,7.6084437306234545
4FFB49F4FBBD,non_ELL,No,Text dependent,classified,0,human_associated,0.0010154155563243184,406,25,112.50503921508789,0.6552086947834237,0.8809473684210526,7.643254369461172
4FFC4DB08B42,ELL,Yes,Text dependent,classified,0,human_associated,0.0028406705922131453,226,11,151.61778259277344,0.6995301306077658,0.895609756097561,7.06667162468828
505316DE125D,ELL,Yes,Text dependent,classified,0,human_associated,0.0002731892950819592,334,12,169.4735336303711,0.5592719156577765,0.8769131832797428,7.439809835374953
5054EC6BA14D,non_ELL,No,Text dependent,classified,0,human_associated,0.00011459073134480912,272,14,172.8980712890625,0.6501479121648456,0.8526907630522088,7.115620447223733
505E8295E792,non_ELL,No,Text dependent,classified,0,human_associated,0.02907569702288608,175,7,175.63833618164062,0.33690511900283787,0.8991780821917809,6.9382143260562135
507CBD8E9670,ELL,Yes,Text dependent,classified,0,human_associated,0.0837437501335075,310,13,91.37712097167969,0.34803533176784085,0.8891228070175439,7.463774548983724
509CFF094C10,non_ELL,No,Text dependent,classified,0,human_associated,0.0007807776918511483,295,15,182.52162170410156,0.5004115961518885,0.9031501831501831,7.501441727291333
50ABF43C3323,non_ELL,No,Text dependent,classified,0,human_associated,0.004664020365939598,593,27,69.90869140625,0.6014323862123507,0.8846397188049209,7.9028900050298345
50DA28892569,non_ELL,No,Text dependent,classified,0,human_associated,0.0038811325277317687,547,24,80.31552505493164,0.6929853287037061,0.8821052631578947,7.626655927204662
50F1D8786126,non_ELL,No,Text dependent,classified,0,human_associated,5.082129563152444e-05,327,22,284.6851501464844,0.38014478800175094,0.9108532423208191,7.336273914323067
5145FF65E5BE,ELL,Yes,Text dependent,classified,0,human_associated,0.002768782327687584,340,26,120.55814361572266,0.5310927560896819,0.8693333333333333,7.377867936692801
514ADDA113FD,ELL,Yes,Text dependent,classified,0,human_associated,7.0077097989787474e-06,222,10,313.4459228515625,0.3248836913554145,0.8555223880597015,6.84217420314148
51783D3C9884,ELL,Yes,Text dependent,classified,0,human_associated,0.2618928560534404,257,9,98.87032318115234,0.4382160354185805,0.8986206896551724,7.011275820917212
51D38A8BF1A5,ELL,Yes,Text dependent,classified,0,human_associated,1.2625096707071908e-05,464,18,213.12511444091797,0.703689722549706,0.8674022988505747,7.298838984981941
51D725B44526,non_ELL,No,Text dependent,classified,0,human_associated,0.12545897245957227,354,20,91.99215698242188,0.4809880515632078,0.9014545454545455,7.269631587192658
520E61206962,ELL,Yes,Text dependent,classified,0,human_associated,0.0038086089777922736,194,20,118.76214218139648,0.5626284259620582,0.8570414201183432,7.09484512007994
52293439CC0D,non_ELL,No,Text dependent,classified,0,human_associated,3.4039643002217876e-06,291,7,242.25450134277344,0.7065094223686371,0.8682442748091603,7.294455902294757
525E2FD50DBF,non_ELL,No,Text dependent,classified,0,human_associated,0.1000660700423734,479,14,99.09671401977539,0.3609209202323557,0.8936563876651983,7.366453349959968
52ACF55ECAAA,non_ELL,No,Text dependent,classified,0,human_associated,0.1412219176089891,666,27,74.18931579589844,0.3988906688537438,0.8923172628304821,7.465112017699523
52B9BBCFE9B9,ELL,Yes,Text dependent,classified,0,human_associated,0.008841091573400694,330,12,115.292724609375,0.6414129080721153,0.9035369774919614,7.415150346274548
52F671887530,non_ELL,No,Text dependent,classified,0,human_associated,0.0017656570257806546,467,27,56.382232666015625,0.5759191778401771,0.8156363636363636,7.401647488518251
5353165D1A68,ELL,Yes,Text dependent,classified,0,human_associated,0.018397661396182922,316,17,118.00479125976562,0.44127894315179594,0.9023321554770318,7.556030424371227
53566DEC3EBD,non_ELL,No,Text dependent,classified,0,human_associated,0.16159314676079703,346,17,108.03549194335938,0.4002420224948898,0.9273650793650794,7.517316188854241
535859F33DAF,non_ELL,No,Text dependent,classified,0,human_associated,0.2021854001412201,362,19,98.1154556274414,0.42530729090517894,0.8847058823529412,6.936294423942103
53653D0A6CBD,non_ELL,No,Text dependent,classified,0,human_associated,3.437882750274049e-05,342,20,170.86209106445312,0.5505150008292459,0.831340206185567,7.3252740617217444
5386EFF0884C,non_ELL,No,Text dependent,classified,0,human_associated,0.21081785092488547,359,15,66.4913330078125,0.4551021562405811,0.885748502994012,7.241079189295862
53A912957FE2,non_ELL,No,Text dependent,classified,0,human_associated,0.0021517727289092465,436,22,130.44461059570312,0.42759354446043774,0.871078431372549,7.541989728000581
53E6A71823D3,ELL,Yes,Text dependent,classified,0,human_associated,0.026273034614121164,309,16,109.18475341796875,0.6376014718193295,0.8992957746478873,7.163912290192283
53EAE8EA05E8,non_ELL,No,Text dependent,classified,0,human_associated,1.3770832323467317e-05,351,17,286.5171203613281,0.37285231790324314,0.8847706422018349,7.2922697332588795
541CC72DE4AE,ELL,Yes,Text dependent,classified,0,human_associated,9.571438494524484e-06,369,14,186.77154541015625,0.6591765181506769,0.84,7.374138313730898
547C43CF3291,non_ELL,No,Text dependent,classified,0,human_associated,1.7407010591161914e-07,302,2,331.9576416015625,0.452918068995305,0.8656410256410256,7.434663091278958
54C324EE765F,non_ELL,No,Text dependent,classified,0,human_associated,0.0011348728042317744,479,28,100.82577133178711,0.5530676992532262,0.8596428571428572,7.646862776157106
54F6AD35A8D1,non_ELL,No,Text dependent,classified,0,human_associated,0.3690938162315104,347,24,63.04807472229004,0.3840575665051354,0.8834567901234568,7.188841638302687
550102B59704,ELL,Yes,Text dependent,classified,0,human_associated,0.000851621801721716,367,15,90.041259765625,0.6783650410240811,0.7833236151603499,6.569558806745676
5503B0FB1886,ELL,Yes,Text dependent,classified,1,ai_associated,0.9854778846173498,151,5,60.0311393737793,0.20224507773550068,0.9051162790697674,6.694438080467995
554CFA851155,non_ELL,No,Text dependent,classified,0,human_associated,0.006047601082184784,401,17,81.30671691894531,0.5259563702546345,0.8636649214659686,7.563793792399529
55981C1C60B2,non_ELL,No,Text dependent,classified,0,human_associated,0.12028072960154289,489,22,73.20121383666992,0.31027855342776295,0.855450643776824,7.182979036897233
55D07D14B354,ELL,Yes,Text dependent,classified,0,human_associated,0.24763766070899737,226,9,91.68206024169922,0.36124352403400906,0.8520207253886011,6.618805155370723
565B39D7110B,non_ELL,No,Text dependent,classified,0,human_associated,0.01587571742926206,299,24,106.52519607543945,0.5050816126552479,0.8890510948905109,7.424317596140913
567D7BBCEF48,ELL,Yes,Text dependent,classified,0,human_associated,0.024113585829167342,172,8,204.87139129638672,0.3559626640791727,0.9253521126760563,6.974836212720461
5694D233EAF6,non_ELL,No,Text dependent,classified,0,human_associated,0.01728077354282358,316,15,65.18400573730469,0.7040931931519611,0.8445674740484429,6.89954327775826
56A99E21CCF2,non_ELL,No,Text dependent,classified,0,human_associated,0.0006269852895266291,295,16,106.3232650756836,0.6351568067258369,0.8087455197132617,6.885339929640883
56ECA100D97A,ELL,Yes,Text dependent,classified,0,human_associated,0.03176179717008808,167,6,150.82952117919922,0.544886067399673,0.8881118881118881,6.6631125506089965
57280EFE34F4,non_ELL,No,Text dependent,classified,0,human_associated,3.162015781216554e-06,248,15,160.5362548828125,1.0679541722836061,0.8369642857142857,7.146437565059386
573A550002C0,ELL,Yes,Text dependent,classified,0,human_associated,0.0021097806351655815,326,16,195.3389434814453,0.32500915856455387,0.8617821782178218,6.874034824201598
573D70F6E286,non_ELL,No,Text dependent,classified,0,human_associated,0.0042602914477777734,238,15,174.60247802734375,0.35244697342272097,0.8746046511627907,7.061128367776929
575829738D7F,ELL,Yes,Text dependent,classified,0,human_associated,0.00025150521467844387,214,13,217.00802612304688,0.48095137374251606,0.8789473684210526,7.093379296591462
575C00FBC60A,non_ELL,No,Text dependent,classified,0,human_associated,0.007420625623335204,296,11,149.7528076171875,0.5717199093877392,0.9099630996309963,7.283615207519062
57691ED21F01,non_ELL,No,Text dependent,classified,0,human_associated,0.0011559016787488553,187,12,246.28008270263672,0.32854616681991194,0.8972839506172839,6.920235761432002
578C014A7BBE,ELL,Yes,Text dependent,classified,0,human_associated,0.01040344442015425,213,10,91.9434585571289,0.6254094832951111,0.8432085561497327,6.848248779026771
57A9D85DC789,ELL,Yes,Text dependent,classified,0,human_associated,0.00034502754414273985,343,14,118.0718765258789,0.791368230870782,0.8635962145110411,7.356267428990144
57CE6ED06513,ELL,Yes,Text dependent,classified,0,human_associated,3.016183375689509e-05,211,8,191.69488525390625,0.7211158525804168,0.8437158469945355,6.974976486559751
57D578CA114E,non_ELL,No,Text dependent,classified,0,human_associated,0.05915041771452847,414,24,90.56612777709961,0.43860371930910647,0.8658031088082901,7.07984437714949
57E6768B4C73,non_ELL,No,Text dependent,classified,0,human_associated,0.0012583236000499724,678,37,130.6647491455078,0.5516867294866273,0.8907197549770292,7.708972843555528
5813B9B1A1C0,non_ELL,No,Text dependent,classified,0,human_associated,0.0038079413061002224,356,15,115.72044372558594,0.5530726479047119,0.8654761904761905,7.261755697237868
5875D6BFC687,ELL,Yes,Text dependent,classified,0,human_associated,1.910059816196311e-13,330,10,659.3030700683594,0.4156774734317445,0.8894805194805195,7.462682145523635
58BEC4705B87,non_ELL,No,Text dependent,classified,0,human_associated,0.0017040162948534225,412,19,152.10940551757812,0.3930642960931166,0.867774798927614,7.372154028434271
58E2742E0950,non_ELL,No,Text dependent,classified,0,human_associated,0.4916239795214086,372,23,99.44664764404297,0.2843517525740244,0.8948275862068965,6.992431114978146
59D72A2EE874,ELL,Yes,Text dependent,classified,0,human_associated,0.0006229890952649616,183,4,215.77328491210938,0.6300683098122074,0.8817948717948718,6.650047337204043
5A07C7A99A35,ELL,Yes,Text dependent,classified,0,human_associated,0.10946090455985281,216,11,146.92454528808594,0.2983870654169792,0.886839378238342,6.822556419402097
5A230824A066,ELL,Yes,Text dependent,classified,0,human_associated,3.4923897313838146e-05,215,6,205.42242431640625,0.4872932994617943,0.8206315789473684,6.900630530427253
5A5C43DB8DE9,ELL,Yes,Text dependent,classified,0,human_associated,0.2763153945909201,254,16,104.80224227905273,0.5205165688725558,0.9179220779220779,7.037105766615642
5A9A37FD3820,non_ELL,No,Text dependent,classified,0,human_associated,0.004543590254480666,465,25,124.87943267822266,0.35998769921902474,0.8846681922196796,7.7318795105291525
5AF04068D0B9,ELL,Yes,Text dependent,classified,0,human_associated,5.363384540802263e-06,285,23,313.6592559814453,0.41538356829544715,0.8985440613026819,7.323529604115224
5B1286DD196F,ELL,Yes,Text dependent,classified,0,human_associated,1.9901175590142244e-05,542,13,198.6732940673828,0.7268268617445165,0.8936603773584906,7.66636043576848
5B5FFDB3C761,ELL,Yes,Text dependent,classified,0,human_associated,0.003015101779409223,388,10,171.14690399169922,0.4106939868318591,0.8998347107438016,7.420795633612455
5B9FE6CD8325,ELL,Yes,Text dependent,classified,0,human_associated,0.07585154753582103,236,7,110.64099884033203,0.3602190798210556,0.8863461538461539,7.211441235828311
5C2B6A9275A3,ELL,Yes,Text dependent,classified,0,human_associated,0.0036989393626278106,299,16,137.53984832763672,0.5953878314083108,0.8837037037037037,7.191630453189539
5C44B0B1C2E3,ELL,Yes,Text dependent,classified,0,human_associated,1.342370982441701e-12,461,29,509.5133972167969,0.6680887418122378,0.8345539906103286,7.472093856032274
5C5D2AC26FF4,ELL,Yes,Text dependent,classified,0,human_associated,0.0016757866047774543,458,20,160.5876922607422,0.29903643290180276,0.8849532710280374,7.68727397224899
5C7C9F70C706,non_ELL,No,Text dependent,classified,0,human_associated,0.00010674790030272456,236,18,235.94109344482422,0.5236044317837076,0.8774757281553398,6.989065883213396
5C89A681658E,non_ELL,No,Text dependent,classified,0,human_associated,0.022321936992961162,177,7,155.28140258789062,0.5366269111911884,0.8961038961038961,6.824969207344621
5CC530A8C191,ELL,Yes,Text dependent,classified,0,human_associated,0.24069192896027636,198,11,115.65049743652344,0.26446678092947057,0.8549425287356321,6.5745448399025
5CC8247F1F82,non_ELL,No,Text dependent,classified,0,human_associated,0.015432761214336276,444,23,79.67720794677734,0.6542374132101629,0.8939007092198582,7.5265766565646
5CF086059CCB,non_ELL,No,Text dependent,classified,0,human_associated,0.10500674679235436,391,20,108.5647964477539,0.40394891916654047,0.9075138121546962,7.35531934141469
5D4B5BEA0D38,non_ELL,No,Text dependent,classified,0,human_associated,0.03538512977628138,414,20,75.35818481445312,0.40105699188765004,0.8718302387267904,7.534722576705638
5DD18E8BD8EB,non_ELL,No,Text dependent,classified,0,human_associated,0.03810864140278768,483,29,61.03572082519531,0.4196269026601763,0.8616407982261641,7.505370432286153
5E259D12208D,ELL,Yes,Text dependent,classified,0,human_associated,0.012564544427898124,332,26,87.09594345092773,0.4839487051396555,0.8363398692810458,7.0239779207649065
5E3A5B645F49,ELL,Yes,Text dependent,classified,0,human_associated,0.05276656900111942,184,9,114.55171966552734,0.5186170212765958,0.870063694267516,6.747983996613031
5E5E3A3AFDD3,ELL,Yes,Text dependent,classified,0,human_associated,0.01053360642057226,366,21,118.94001770019531,0.5945501589671726,0.8934124629080119,7.27933347757694
5E8BECE0067B,ELL,Yes,Text dependent,classified,0,human_associated,0.0008847674514678474,332,7,128.2983856201172,0.7578795566516365,0.8708681672025723,7.171436249747214
5E959DC2C7CD,non_ELL,No,Text dependent,classified,0,human_associated,0.0012359338309651858,392,15,144.2330322265625,0.5733452644544129,0.8759562841530054,7.318763047709894
5EAB1A9FABE8,ELL,Yes,Text dependent,classified,0,human_associated,0.0018588527641205407,578,24,126.68269348144531,0.4382933631786752,0.8854014598540146,7.795539225297232
5EB1944E4C52,ELL,Yes,Text dependent,classified,0,human_associated,0.03979985830143,443,22,111.88678359985352,0.3273107260041233,0.8631578947368421,7.108949323075589
5EEA3BC97307,ELL,Yes,Text dependent,classified,0,human_associated,8.341432684809492e-05,435,15,217.6753387451172,0.5967164798527261,0.9073479318734793,7.527889149824922
5F24E274F61E,non_ELL,No,Text dependent,classified,0,human_associated,0.06474624702772339,516,25,102.50146484375,0.30797596132952576,0.8765853658536585,7.3086617706563635
5F626697DD15,non_ELL,No,Text dependent,classified,0,human_associated,6.749234372366918e-07,227,13,380.2604675292969,0.35896407418836396,0.8890526315789473,7.048821006724328
5F9EA3F22EDD,ELL,Yes,Text dependent,classified,0,human_associated,1.5244664421557523e-09,431,20,434.2621154785156,0.5524463009632232,0.8751485148514851,7.375917064839866
5FE67C1664B6,non_ELL,No,Text dependent,classified,0,human_associated,0.010438414942438226,178,9,114.91136932373047,0.5475857850068561,0.8460130718954249,6.768788688660909
604B7BE00CDB,non_ELL,No,Text dependent,classified,0,human_associated,0.0908181821974745,274,17,80.56069946289062,0.31078487619255113,0.832156862745098,6.858167674324654
6058BEF565C3,non_ELL,No,Text dependent,classified,0,human_associated,0.007001334071115706,494,32,116.17267990112305,0.4694504306603731,0.8933047210300429,7.640283123383612
605DDEFB7A40,non_ELL,No,Text dependent,classified,0,human_associated,0.05460629029630994,613,26,50.39476013183594,0.43003445059313755,0.8712627986348123,7.645821312405065
606501D4CDA5,ELL,Yes,Text dependent,classified,0,human_associated,0.00022695160940958725,253,14,232.80486297607422,0.45225637059239776,0.8973390557939914,7.242589642176358
6068A54ED99D,non_ELL,No,Text dependent,classified,0,human_associated,0.00028893058179623436,227,11,151.29315185546875,0.5528733437599997,0.8168627450980392,6.826795692969554
609FABF99E0F,non_ELL,No,Text dependent,classified,0,human_associated,0.016739034949369,470,17,81.49889373779297,0.4421308655958706,0.8661573033707866,7.499313843987489
60B0AC857093,non_ELL,No,Text dependent,classified,0,human_associated,0.0003277626271357017,815,39,167.0349578857422,0.5048132775991389,0.8943877551020408,7.761241059468012
60B21E600112,ELL,Yes,Text dependent,classified,0,human_associated,0.00402497417078674,375,13,154.1737518310547,0.629634523398992,0.9156940509915014,7.354657702977997
60B4DF86C05D,non_ELL,No,Text dependent,classified,0,human_associated,4.726525290737119e-06,172,15,283.873046875,0.5503350196089823,0.8526174496644295,6.81810261172105
60E00E584217,non_ELL,No,Text dependent,classified,0,human_associated,0.03773071911939841,261,16,111.90535736083984,0.5291063058145643,0.8857142857142857,7.0571924572173055
611BBDDA35CA,non_ELL,No,Text dependent,classified,0,human_associated,0.038299349240971704,455,24,134.59506225585938,0.34748289389124914,0.9174528301886793,7.563027315668247
612EB8B104BC,non_ELL,No,Text dependent,classified,0,human_associated,0.013232502852732109,176,13,133.83522033691406,0.5354586617899633,0.8607792207792208,6.719144183331282
614D5160B5B0,non_ELL,No,Text dependent,classified,0,human_associated,0.08006451432215296,588,34,82.79148483276367,0.5117542898236096,0.9112920353982301,7.572841881354636
61671FCB6624,non_ELL,No,Text dependent,classified,1,ai_associated,0.5377429751655946,171,7,62.42512893676758,0.5163977794943222,0.8709589041095891,6.614319539785657
6194CD3215CB,ELL,Yes,Text dependent,classified,1,ai_associated,0.6711851075323284,199,9,48.72174072265625,0.5100351828310978,0.8727272727272727,6.668361791742639
61BABBBB9822,ELL,Yes,Text dependent,classified,0,human_associated,0.0014306179327072425,189,9,128.6110076904297,0.6967996935137692,0.8556626506024096,6.956333589904382
61ECCAC44988,ELL,Yes,Text dependent,classified,0,human_associated,0.007748801122761132,178,7,108.95268249511719,0.6273577365566898,0.855686274509804,6.894157257590311
6300E798D425,ELL,Yes,Text dependent,classified,0,human_associated,0.0003145541241272249,398,7,179.47618103027344,0.544825174970509,0.8877173913043478,7.465746037176392
6320FA8D8D17,ELL,Yes,Text dependent,classified,0,human_associated,0.05380394880872872,373,27,72.58892822265625,0.5066035238959259,0.8814772727272727,7.395964977640552
6338DA32662A,non_ELL,No,Text dependent,classified,0,human_associated,0.0010587747139738203,611,29,110.52140808105469,0.3384152993200667,0.8518055555555556,7.843010847806324
635CBAACB376,non_ELL,No,Text dependent,classified,0,human_associated,0.005731905334999543,503,36,125.54055786132812,0.4002371486801173,0.8919916142557652,7.692926949040996
636950C6D238,ELL,Yes,Text dependent,classified,0,human_associated,0.0002993045956743384,314,19,224.56517028808594,0.5344222349341716,0.9111262798634813,7.304638477910701
63FC4B44DCF4,non_ELL,No,Text dependent,classified,0,human_associated,0.4035667383068783,368,9,72.04715728759766,0.3458279922160398,0.9079069767441861,7.454609190403995
63FD0F019B15,non_ELL,No,Text dependent,classified,0,human_associated,0.42495798054226647,380,21,82.060546875,0.3485587388779302,0.9077528089887641,7.312514664311833
63FEB8D784FD,non_ELL,No,Text dependent,classified,0,human_associated,0.010626025167662133,264,15,176.23524475097656,0.20301594804510434,0.8884297520661157,7.281939199263903
643B41BE89EE,non_ELL,No,Text dependent,classified,0,human_associated,0.00013053768302619752,334,25,189.6610107421875,0.5946151509705879,0.8796116504854369,7.362626392247236
64551673D7DB,ELL,Yes,Text dependent,classified,0,human_associated,0.00017253033197411967,304,16,157.20323944091797,0.5386923650985209,0.798169014084507,6.657271906574679
6481E8B9CD64,non_ELL,No,Text dependent,classified,0,human_associated,0.0011822550363387737,410,19,131.07249450683594,0.5975157378538652,0.8977319587628866,7.730500286098683
6488C693CD01,non_ELL,No,Text dependent,classified,0,human_associated,0.0025811370207337106,608,28,100.85114669799805,0.5620626221976939,0.8898969072164948,7.841074923857271
64A7D44CC3CD,non_ELL,No,Text dependent,classified,0,human_associated,4.102042199657484e-05,300,19,231.05010986328125,0.498696216816076,0.8694814814814815,7.214733559265118
65438F49477E,ELL,Yes,Text dependent,classified,0,human_associated,0.0021978522445469536,309,21,179.90614318847656,0.45739842529123004,0.8891872791519435,7.167790013476053
65920C3193C2,non_ELL,No,Text dependent,classified,0,human_associated,0.0009615041654799226,521,37,113.70515441894531,0.6192691313810238,0.87408,7.615770147549042
65AD707C4994,non_ELL,No,Text dependent,classified,0,human_associated,0.12558991066674488,246,10,55.978017807006836,0.4995985826713663,0.8736842105263158,7.265243494817104
65C1010EFD70,ELL,Yes,Text dependent,classified,0,human_associated,1.0882091803127857e-05,298,15,262.74102783203125,0.5335868777537052,0.8756521739130435,7.198665067344764
65D6566825FE,non_ELL,No,Text dependent,classified,1,ai_associated,0.5665198318046597,333,11,80.51806640625,0.24456124533080567,0.8930293159609121,7.18241774601518
65E9951C2D75,ELL,Yes,Text dependent,classified,0,human_associated,0.0005577408352546822,473,25,101.24421691894531,0.6059943361289803,0.8513769751693002,7.605334894464877
66116A00F7BB,non_ELL,No,Text dependent,classified,0,human_associated,0.021245538331882745,344,19,110.23114776611328,0.41396983657855785,0.870375,7.223807042148546
6680CFA0A5FA,ELL,Yes,Text dependent,classified,0,human_associated,6.56084217232909e-06,333,15,328.6827697753906,0.46775388833014986,0.9101075268817205,7.16497276292457
66B37D7DE0F6,ELL,Yes,Text dependent,classified,0,human_associated,0.00012293391770642616,172,7,93.2549934387207,1.1129532066181493,0.8297142857142857,6.83511134241955
66BB82BD76B2,ELL,Yes,Text dependent,classified,0,human_associated,0.0014691732566431343,199,10,182.27950286865234,0.41671190717586726,0.8475428571428572,6.747544555624703
66CB74DCDF61,non_ELL,No,Text dependent,classified,0,human_associated,0.0020766783205248517,665,33,87.00045013427734,0.5484927768423806,0.8596546310832025,7.664630984111905
6712CC202872,ELL,Yes,Text dependent,classified,0,human_associated,0.14824512562140998,291,13,114.27642059326172,0.5431391463167023,0.8982641509433962,6.81199766758569
67325C66D1E0,non_ELL,No,Text dependent,classified,0,human_associated,0.0018251814982948996,153,9,167.33128356933594,0.4154678007355204,0.824186046511628,6.548421259987339
675CA4251B9E,non_ELL,No,Text dependent,classified,0,human_associated,0.0039662747837491226,380,16,105.03994750976562,0.5176139626341476,0.8536752136752137,7.277603512294649
6796C6B355AC,non_ELL,No,Text dependent,classified,0,human_associated,0.2218872108068688,362,14,71.50123977661133,0.3643316696895318,0.8867267267267267,7.349049233461976
679E08FE07E9,ELL,Yes,Text dependent,classified,0,human_associated,0.0012308437425425128,280,16,178.59571075439453,0.4085922222996244,0.8614901960784314,7.037253074129436
67B4E798A5B4,ELL,Yes,Text dependent,classified,0,human_associated,0.006181066512105107,532,27,120.0169448852539,0.4090926472979602,0.9024063116370808,7.8624228542508146
67BCC0991109,ELL,Yes,Text dependent,classified,0,human_associated,0.130559442923193,239,9,63.35205841064453,0.7312473566018012,0.9053023255813953,7.174025714569916
67C12A362ABA,non_ELL,No,Text dependent,classified,0,human_associated,0.0007095187482672583,520,28,77.3189468383789,0.7419966574749582,0.8435245901639344,7.460167981574494
67E2D82B7387,non_ELL,No,Text dependent,classified,0,human_associated,0.014584198104805535,264,17,117.23401641845703,0.5400974293394362,0.8769747899159664,7.095071790395986
67F2B24AB779,ELL,Yes,Text dependent,classified,0,human_associated,0.09504725908141551,217,11,128.19467163085938,0.2539685019840059,0.880421052631579,7.067679120738544
67FF9FA794A7,ELL,Yes,Text dependent,classified,0,human_associated,0.007933954901099457,275,11,123.0069808959961,0.5747881785801575,0.874238683127572,7.078473937191776
681AE0381A53,ELL,Yes,Text dependent,classified,0,human_associated,0.0016534288397312402,160,11,234.7299041748047,0.5514105514917498,0.9097674418604651,6.722759095516872
687134C8A628,ELL,Yes,Text dependent,classified,0,human_associated,2.0550862791379636e-08,347,17,399.5095520019531,0.43027662173162995,0.8833226837060703,7.472231894541046
688370E9E6F1,ELL,Yes,Text dependent,classified,1,ai_associated,0.573626013266982,172,6,135.50671768188477,0.3360893439442831,0.9026315789473685,6.5141400437215635
68B6142F4EA9,ELL,Yes,Text dependent,classified,0,human_associated,0.01690209215309659,388,17,74.00445556640625,0.42434936827344466,0.8336312849162011,7.172001900937597
68D614933A4B,ELL,Yes,Text dependent,classified,0,human_associated,0.02387296852080454,321,19,132.33566284179688,0.63637307601072,0.9164983164983165,7.161870398988573
68F9DF667783,ELL,Yes,Text dependent,classified,0,human_associated,0.0027574531217647367,220,15,140.48681640625,0.5045968987695162,0.842061855670103,6.830769850903083
68FE6120AD2C,non_ELL,No,Text dependent,classified,0,human_associated,0.0003351971982438055,310,18,166.08855438232422,0.5093130274241585,0.871768953068592,7.450401655774405
694238280A93,ELL,Yes,Text dependent,classified,0,human_associated,0.001738711969607639,606,31,93.24057006835938,0.44503072005415384,0.8272884283246977,7.387590408918503
69E57CE13181,non_ELL,No,Text dependent,classified,0,human_associated,0.0005565130166315029,627,30,116.4527359008789,0.6343452190747102,0.887344262295082,7.8707078209902175
69FABB805AB2,non_ELL,No,Text dependent,classified,0,human_associated,0.0026416729414626043,161,5,108.25067901611328,0.6993612705845066,0.8417142857142857,6.842755404039051
6A19B9DAF853,ELL,Yes,Text dependent,classified,0,human_associated,0.040505420662315036,274,3,102.05828857421875,0.3954257877600541,0.87472,7.247625882221248
6A27913C2806,ELL,Yes,Text dependent,classified,0,human_associated,0.005271782465320732,212,6,157.34649658203125,0.7576221802366196,0.917433155080214,7.040336976849933
6A2FCEB4F2D1,non_ELL,No,Text dependent,classified,0,human_associated,0.004642483381645565,302,16,171.8424530029297,0.44436144141293094,0.8974468085106383,7.212757944042302
6A49432C3001,ELL,Yes,Text dependent,classified,0,human_associated,9.271866563759627e-05,209,8,157.1621322631836,0.7120349350096838,0.8521546961325966,7.224175230414756
6A59D543AE54,non_ELL,No,Text dependent,classified,0,human_associated,3.265877981107785e-11,249,16,580.2185668945312,0.26010049339950636,0.8739449541284404,7.181196903370533
6A97E65BBE95,ELL,Yes,Text dependent,classified,0,human_associated,0.0009979160873910286,361,18,195.03510284423828,0.4277474639099807,0.9096119402985074,7.521678647134876
6AE0097F0E9C,non_ELL,No,Text dependent,classified,0,human_associated,0.011336355358455763,361,16,95.04841613769531,0.4791298022382361,0.8640469208211143,7.345158387674177
6AEDCE98F170,non_ELL,No,Text dependent,classified,0,human_associated,0.3284953793290329,173,9,79.38652038574219,0.42793106921559226,0.8718421052631579,6.808351478609804
6AF2D4E39173,non_ELL,No,Text dependent,classified,1,ai_associated,0.5769608947067557,341,18,32.078569412231445,0.4475779771064369,0.88,7.169356575412317
6AFC2BA228ED,non_ELL,No,Text dependent,classified,0,human_associated,4.395042058844784e-05,337,22,210.28720092773438,0.4167608241968585,0.8523778501628665,7.351514402634467
6B34AE0F8DBF,ELL,Yes,Text dependent,classified,0,human_associated,0.0011646396854483442,446,18,123.84630966186523,0.5715230674225392,0.8772315035799523,7.584998404097169
6B4F37D30E7C,ELL,Yes,Text dependent,classified,0,human_associated,0.00012110532288190806,332,15,213.40557861328125,0.587152005840057,0.8962622950819672,7.352175478786901
6B61F68D4B21,non_ELL,No,Text dependent,classified,0,human_associated,0.30858879734595285,243,14,78.35457992553711,0.4123504208510077,0.8748858447488584,6.912545492074614
6B75A35CC332,non_ELL,No,Text dependent,classified,0,human_associated,0.01845352413546627,498,28,111.65690231323242,0.38551001372522686,0.8868498942917548,7.519344182807902
6BBD726B840E,ELL,Yes,Text dependent,classified,0,human_associated,0.002279731493035395,330,15,127.0428466796875,0.4439923513023022,0.8437458193979933,7.164249664574921
6C2198B70719,ELL,Yes,Text dependent,classified,0,human_associated,0.0017368265723420528,215,8,107.28744125366211,0.5094794063494775,0.8104712041884817,6.881004607850495
6C50FC009033,non_ELL,No,Text dependent,classified,0,human_associated,0.05092388128749162,241,9,62.001708984375,0.5709606256230151,0.859816513761468,7.116676682028903
6C5A6D1D0C13,ELL,Yes,Text dependent,classified,0,human_associated,8.768798538503459e-06,187,6,271.7577896118164,0.5519611614133215,0.855609756097561,6.842494596717082
6C95EEFE7DAF,non_ELL,No,Text dependent,classified,0,human_associated,2.5300659307868268e-05,323,12,241.3002166748047,0.4621059033685122,0.8721985815602837,7.320789600501625
6CA078E0C93F,ELL,Yes,Text dependent,classified,0,human_associated,7.854135957163511e-09,419,21,415.127197265625,0.5795215902859111,0.8996401028277635,7.476574041529065
6CA261D9ABFF,non_ELL,No,Text dependent,classified,0,human_associated,0.001130701142259736,810,35,76.58026123046875,0.5456655479008254,0.8555154639175258,7.879994676379486
6CAE50193714,ELL,Yes,Text dependent,classified,0,human_associated,0.0164881231140915,387,18,75.84598922729492,0.5481218207516049,0.8736842105263158,7.474136917721901
6CD4FAAB7653,non_ELL,No,Text dependent,classified,0,human_associated,0.021712107418332557,167,7,202.59457397460938,0.6862204781522179,0.9297902097902098,6.4783293492801475
6CD8A2E7BAA7,ELL,Yes,Text dependent,classified,0,human_associated,0.09724733672220646,313,14,67.11404037475586,0.47992503159640826,0.8853979238754325,7.404830175656056
6CF5078A14F4,non_ELL,No,Text dependent,classified,0,human_associated,0.0003222678917467167,183,11,239.48672485351562,0.5259482624256171,0.8919745222929937,6.872526902025389
6D6167FF401A,non_ELL,No,Text dependent,classified,0,human_associated,0.0606325033590267,341,20,69.58868408203125,0.42528686302724905,0.8452439024390244,7.055925849642165
6D6215C23989,ELL,Yes,Text dependent,classified,0,human_associated,0.07638916044812986,235,8,61.70515060424805,0.7415894282468446,0.8659715639810427,6.783763497012141
6E18981CEAAD,ELL,Yes,Text dependent,classified,0,human_associated,0.0019352975752790268,425,27,148.833984375,0.5319810553341745,0.8701492537313433,7.154398946074217
6E54DEB8CFA8,ELL,Yes,Text dependent,classified,0,human_associated,0.0074357347205602515,604,19,88.9394302368164,0.4602012978566175,0.8868070175438596,7.862745778555287
6E818F7FC8E5,ELL,Yes,Text dependent,classified,0,human_associated,0.00303280714799304,167,7,136.86256408691406,0.5723945534315945,0.8366896551724138,6.650477003236565
6ED825F9F077,ELL,Yes,Text dependent,classified,0,human_associated,0.051820131669280886,282,11,86.01966857910156,0.4046974955293607,0.8912307692307693,7.574035500376075
6F0ECB93B03B,non_ELL,No,Text dependent,classified,0,human_associated,0.0705074799605163,258,9,55.331024169921875,0.5907167207850335,0.8213559322033899,6.54808522684018
6F142E71AEF1,non_ELL,No,Text dependent,classified,0,human_associated,0.0029176636924667584,386,20,131.4051513671875,0.49944348285201856,0.892090395480226,7.610177826706824
6F4D1E0708A8,non_ELL,No,Text dependent,classified,0,human_associated,0.3956203992078315,248,8,56.91889762878418,0.659969490402635,0.9122807017543859,7.11447864586016
6F67FFCB065A,ELL,Yes,Text dependent,classified,0,human_associated,0.01177141426610076,358,10,120.02685165405273,0.6136574412075735,0.9035928143712575,7.342943626378631
6F8200CADE90,non_ELL,No,Text dependent,classified,0,human_associated,0.0001005662494240367,291,11,201.0490264892578,0.45315125015272156,0.8622388059701492,7.321549057806517
6FC583876238,ELL,Yes,Text dependent,classified,0,human_associated,0.09018369583667195,276,18,55.55349540710449,0.6419455721843237,0.8705791505791506,7.055753851335483
6FE32B138650,non_ELL,No,Text dependent,classified,0,human_associated,0.010619829592185865,424,21,112.06542205810547,0.6610333824923886,0.8987817258883248,7.305725268312122
6FFD7E6D4DF1,non_ELL,No,Text dependent,classified,0,human_associated,0.0001655549626488775,177,11,299.0150146484375,0.36014697724896,0.8863576158940397,6.589558038846002
700D2F3A971F,non_ELL,No,Text dependent,classified,0,human_associated,0.004643681713373973,488,21,96.62481689453125,0.4759523213987909,0.8612636165577342,7.514441551518392
70F8687E59CC,ELL,Yes,Text dependent,classified,0,human_associated,0.002780760517285803,239,7,141.5178680419922,0.6580575996004046,0.8628301886792453,6.816724764017875
710EFFD2AFE1,ELL,Yes,Text dependent,classified,0,human_associated,0.09364518918225884,173,7,139.57997131347656,0.46520410446966937,0.885945945945946,6.628405079245158
711483807C59,ELL,Yes,Text dependent,classified,0,human_associated,8.13316048114588e-10,235,11,551.6471557617188,0.3894004337267024,0.8989473684210526,6.823272510275608
712A59B74C91,ELL,Yes,Text dependent,classified,0,human_associated,0.0016438407507045252,314,16,102.43151092529297,0.7164930376349068,0.8427972027972028,7.007709045870593
71417CD74368,non_ELL,No,Text dependent,classified,0,human_associated,0.01726675367109517,500,18,122.91349029541016,0.5770469593346029,0.913109243697479,7.412498905715661
714651DE19D4,ELL,Yes,Text dependent,classified,0,human_associated,4.984594051068767e-06,301,20,314.6111526489258,0.4396836946893487,0.8908823529411765,7.181531627005367
715E2C827BC0,ELL,Yes,Text dependent,classified,0,human_associated,0.0009953865357298036,224,11,148.53677368164062,0.6662204209078958,0.849,6.784752988870544
718800CC3C50,non_ELL,No,Text dependent,classified,0,human_associated,0.25156890163194734,248,10,68.9805679321289,0.43204937989385733,0.8648214285714286,6.914600621511204
71AF8059184A,non_ELL,No,Text dependent,classified,0,human_associated,0.001603165542767265,302,21,129.9306182861328,0.3930960751794318,0.8331182795698925,7.166710114263689
71B6B3BAAD43,ELL,Yes,Text dependent,classified,0,human_associated,3.516367753487554e-08,253,13,392.7570495605469,0.5526342129947206,0.868995633187773,6.99730313983636
71CF98E09876,ELL,Yes,Text dependent,classified,0,human_associated,2.3830914156936885e-10,295,11,467.37744140625,0.5288149678954542,0.845820895522388,7.097423005511993
71D831DE643E,non_ELL,No,Text dependent,classified,0,human_associated,0.09458265036076594,766,43,75.76888275146484,0.47543954184212706,0.9223719676549865,7.825660136085547
71E646BD553B,ELL,Yes,Text dependent,classified,0,human_associated,3.505610876215601e-05,396,16,214.20806884765625,0.49233239321395045,0.8840217391304348,7.653482434823089
722F0DECA31C,non_ELL,No,Text dependent,classified,0,human_associated,0.03069114231016407,453,29,102.2773208618164,0.31108323253488546,0.8754285714285714,7.480384182583229
72733C55E566,ELL,Yes,Text dependent,classified,0,human_associated,2.199784197998248e-10,186,7,419.2394104003906,0.8768701160202373,0.825679012345679,6.7466616420397205
727DE3CD0AEC,non_ELL,No,Text dependent,classified,0,human_associated,0.00805083446334712,339,16,129.74385452270508,0.4915974089412942,0.8609463722397477,6.971026134962205
72D646FEEBCD,ELL,Yes,Text dependent,classified,0,human_associated,0.15613707605925373,178,10,95.08879470825195,0.4807687031758211,0.8864935064935064,6.969334748452798
72EFD2C9BABA,ELL,Yes,Text dependent,classified,0,human_associated,0.0008769322344813024,413,16,158.7002410888672,0.5085957055135849,0.8730927835051546,7.3189455378948125
730D11B13BA1,ELL,Yes,Text dependent,classified,0,human_associated,0.12249859292412145,400,7,57.27880859375,0.4855740083698361,0.8502673796791443,6.96463308668694
7348AB38D68E,ELL,Yes,Text dependent,classified,0,human_associated,0.000276594157648825,183,14,264.5807342529297,0.4839563595157322,0.8794871794871795,6.532905166043218
7361DFB5C1EA,non_ELL,No,Text dependent,classified,0,human_associated,0.018374535550167385,401,20,92.17117691040039,0.49966447775369877,0.8806382978723404,7.446238283277748
739A9730DF99,non_ELL,No,Text dependent,classified,0,human_associated,0.00012193587704189669,308,21,168.251708984375,0.529248099000703,0.8504285714285714,7.345238539650574
746E3F9129B7,ELL,Yes,Text dependent,classified,0,human_associated,0.0029683290648602517,230,13,85.63007354736328,0.5191794729213401,0.8161165048543689,7.054448062261559
747B06CF4DA3,ELL,Yes,Text dependent,classified,0,human_associated,0.013243602788442426,298,18,137.98542404174805,0.37334257658567604,0.8865934065934066,7.322069717189163
7491C8556CDC,ELL,Yes,Text dependent,classified,0,human_associated,0.005581501918663301,258,12,200.6902618408203,0.4519279124871487,0.9269642857142857,7.228454980313923
74D009D81028,non_ELL,No,Text dependent,classified,0,human_associated,0.12986897109816453,428,17,72.12690734863281,0.3976159053316564,0.8849382716049383,7.414045206144148
7500A3088217,ELL,Yes,Text dependent,classified,0,human_associated,0.004386686221705054,395,32,144.07730102539062,0.3709813111151182,0.8975956284153005,7.6785811443925995
75215659EBB3,ELL,Yes,Text dependent,classified,0,human_associated,1.3085990042152648e-07,332,21,288.4117431640625,0.5535881662825846,0.8276315789473684,7.2948350919234
7538BF9FA97F,ELL,Yes,Text dependent,classified,0,human_associated,0.01259849844264143,194,12,169.25176239013672,0.6513279355383853,0.8909941520467837,6.52747361827152
75A613E09762,ELL,Yes,Text dependent,classified,0,human_associated,0.00012035063064134569,175,9,254.0437774658203,0.46810049083530425,0.876734693877551,6.8469333634788585
75D73C6EA19B,non_ELL,No,Text dependent,classified,0,human_associated,0.002481453274605317,638,35,93.97455596923828,0.46970847955080275,0.8561047463175123,7.639041328476664
76537E8BFF12,non_ELL,No,Text dependent,classified,0,human_associated,0.030995336497698967,250,24,108.41991424560547,0.5648140392194257,0.8941592920353982,7.1954036597023086
765F4BB0381E,ELL,Yes,Text dependent,classified,0,human_associated,0.010119930637735072,350,18,84.29464340209961,0.5608080384989592,0.8538699690402477,7.205912182730749
76684944F17B,non_ELL,No,Text dependent,classified,0,human_associated,0.007427033926011829,231,10,196.2786636352539,0.42708922421814316,0.8819323671497584,6.641364114257883
7699AA6DF309,ELL,Yes,Text dependent,classified,0,human_associated,8.249585491643908e-06,506,26,196.60958862304688,0.5991163372034618,0.8722606924643584,7.84861070477647
76C3430373A4,ELL,Yes,Text dependent,classified,0,human_associated,3.1633111657730535e-06,168,6,341.0455322265625,0.715232195462149,0.9109859154929577,6.758368056921533
76F88C948538,ELL,Yes,Text dependent,classified,0,human_associated,0.002391068446400166,184,7,136.595458984375,0.4668222015541829,0.8216352201257862,6.70137620080031
77013FCECE6F,non_ELL,No,Text dependent,classified,0,human_associated,0.2445526940045801,261,15,74.22498321533203,0.4665574738059409,0.8967088607594936,7.234647597690701
7704558907A5,ELL,Yes,Text dependent,classified,0,human_associated,0.00045267708051611273,366,15,176.52279663085938,0.5622439555881976,0.886006006006006,7.355059051868646
771C64337FED,ELL,Yes,Text dependent,classified,0,human_associated,0.009868140910853227,321,16,120.02483367919922,0.39825266231379264,0.8652427184466019,7.261668074920782
771FA4E3B7A8,ELL,Yes,Text dependent,classified,0,human_associated,0.0009802994854099451,218,7,85.35347747802734,0.6966649873333576,0.7991752577319587,6.7703283889958055
7735B9C9FA0C,ELL,Yes,Text dependent,classified,0,human_associated,1.7138308580539597e-05,446,19,194.21340942382812,0.45696062267650567,0.8501408450704225,7.658637195882679
7778EC084C56,non_ELL,No,Text dependent,classified,0,human_associated,0.02317167423457207,408,8,65.91993141174316,0.8127208539632435,0.8935078534031413,7.283967308700144
779D8316D8DA,non_ELL,No,Text dependent,classified,0,human_associated,0.11517217584423886,259,6,88.94380569458008,0.4890600978212012,0.8843514644351465,7.080253033514911
78283BDAF59E,ELL,Yes,Text dependent,classified,0,human_associated,0.0021621280876925053,264,10,166.05448150634766,0.4520470329922264,0.8761181434599156,7.160780422030397
786C86C9ACFE,non_ELL,No,Text dependent,classified,0,human_associated,0.05724939762608873,395,18,80.12025451660156,0.51865598796279,0.8812021857923498,7.268638858278015
78948E0DB021,non_ELL,No,Text dependent,classified,0,human_associated,2.8781869831623315e-06,162,9,296.77679443359375,0.6494742327089774,0.8436923076923077,6.488538561699814
78CA1A14F94A,non_ELL,No,Text dependent,classified,0,human_associated,0.024039001750848343,423,31,81.2387466430664,0.639991129170244,0.8954074074074074,7.445497130335912
78F22782F4A4,non_ELL,No,Text dependent,classified,0,human_associated,0.0005197071416143987,308,17,180.59451293945312,0.47623127938111376,0.869608540925267,7.210682548684126
7915BE25917E,non_ELL,No,Text dependent,classified,0,human_associated,0.002589855835767473,228,11,118.4085922241211,0.5217476121163452,0.8403864734299517,7.041867931219248
7918119EFBE8,ELL,Yes,Text dependent,classified,0,human_associated,0.01407213128786065,449,16,109.7326889038086,0.39325422475387056,0.8665734265734266,7.318094526250731
7967D8C1DC56,non_ELL,No,Text dependent,classified,0,human_associated,0.03241621886210387,327,11,84.95105743408203,0.6864215240908005,0.9003344481605351,7.309908668739175
7992F4E1E3D3,non_ELL,No,Text dependent,classified,0,human_associated,0.0026099300434626856,285,9,56.241207122802734,0.8915839136054441,0.8495384615384616,7.187174364844609
79B0B907CF87,non_ELL,No,Text dependent,classified,0,human_associated,0.03615584763125261,403,29,118.1281967163086,0.35872466784436857,0.888503937007874,7.349544605587279
79F0FAF84694,ELL,Yes,Text dependent,classified,0,human_associated,2.6213899488676073e-05,374,18,230.65605926513672,0.4973914787840148,0.8883667621776504,7.587734052302513
7AD34830967B,non_ELL,No,Text dependent,classified,0,human_associated,2.04664340438476e-05,340,16,147.07516860961914,0.7014164228424329,0.8107096774193548,7.1622914985585675
7AD5A8A0B658,ELL,Yes,Text dependent,classified,0,human_associated,0.10164073716075489,242,14,80.62037658691406,0.5223490115430927,0.8824413145539907,7.121369215041054
7AFF516471C0,ELL,Yes,Text dependent,classified,0,human_associated,6.434846434675663e-05,430,17,187.4044647216797,0.6216295681636214,0.8813658536585366,7.534675098685677
7B1E55213D00,non_ELL,No,Text dependent,classified,0,human_associated,0.005324983272968129,366,24,104.05914688110352,0.6209937763950304,0.8807058823529412,7.393834989651828
7B7838BB9DD5,non_ELL,No,Text dependent,classified,0,human_associated,8.944499828828028e-06,346,18,231.8520050048828,0.6906370732591707,0.8767088607594937,7.321330857222748
7B83C24D6069,non_ELL,No,Text dependent,classified,0,human_associated,0.040523063156671986,357,21,116.70999908447266,0.459232037877447,0.8837982195845697,7.087384003388021
7BB808935B65,non_ELL,No,Text dependent,classified,0,human_associated,0.0003540700055885623,373,20,107.23091506958008,0.6459432682755049,0.8376811594202899,7.388262948524837
7BC12E549AF3,ELL,Yes,Text dependent,classified,0,human_associated,0.0017684038210000544,430,21,120.510986328125,0.5152020691723089,0.8762282878411911,7.611036924071528
7C4B36428EC3,ELL,Yes,Text dependent,classified,0,human_associated,0.21945842718921366,301,4,66.74091148376465,0.4381137694445542,0.8742238267148015,7.100268575721115
7C57BE3EF6BA,ELL,Yes,Text dependent,classified,0,human_associated,3.2190263851597153e-07,439,19,337.7529602050781,0.469623622417971,0.8832692307692308,7.428242664663002
7C9973669356,non_ELL,No,Text dependent,classified,0,human_associated,0.1047928507041403,404,15,86.00421142578125,0.31760974251712776,0.8882978723404256,7.509216486234359
7C9AA3346458,non_ELL,No,Text dependent,classified,0,human_associated,0.0956343896256008,243,5,146.6838836669922,0.31350644382943815,0.9074545454545455,7.114609005653289
7CF49F831E85,ELL,Yes,Text dependent,classified,0,human_associated,0.026573597799998797,258,5,93.76449584960938,0.6046573720363044,0.8810084033613446,7.147687776836243
7D0DC6F08EB2,ELL,Yes,Text dependent,classified,0,human_associated,0.010218245763309935,366,24,168.0058822631836,0.399815754562609,0.8708333333333333,6.782554635117695
7D9F1CFFFC95,ELL,Yes,Text dependent,classified,0,human_associated,0.006472854601286045,382,28,102.54106140136719,0.5794703115420853,0.8857458563535912,7.508319064790907
7DD87FC16FF7,non_ELL,No,Text dependent,classified,0,human_associated,0.01832804654203893,382,22,73.86159896850586,0.4368808961210477,0.8648863636363636,7.555747533009545
7E37567419F5,ELL,Yes,Text dependent,classified,0,human_associated,0.0828188401504929,187,4,105.4887466430664,0.6936615172505224,0.9107514450867052,6.963936385488101
7E492FFD9778,non_ELL,No,Text dependent,classified,0,human_associated,0.016627469757307094,553,24,77.75943756103516,0.46491401061964127,0.8774387947269303,7.6548641075384865
7E7702C6A641,non_ELL,No,Text dependent,classified,0,human_associated,0.006100962005320459,736,30,95.57137680053711,0.426674985709395,0.8686685552407932,7.651117963769322
7EA67F9A8051,non_ELL,No,Text dependent,classified,0,human_associated,0.00022614862626599676,550,29,174.97645568847656,0.4800886843920854,0.8829133858267717,7.651152807060592
7EAB25FDB984,non_ELL,No,Text dependent,classified,0,human_associated,0.0005477486211500986,302,12,199.8025131225586,0.3845645114004893,0.856546762589928,6.97145256250733
7ECB7FDA805A,non_ELL,No,Text dependent,classified,0,human_associated,0.014586123186118845,352,16,123.32797241210938,0.5915477244815287,0.909875,7.378838197235577
7EDFBE24CF70,ELL,Yes,Text dependent,classified,0,human_associated,0.003110041080660477,456,29,113.75558471679688,0.4406615595553808,0.8705164319248826,7.60936511346215
7F3555304C81,ELL,Yes,Text dependent,classified,0,human_associated,0.004173436003361528,179,3,181.44117736816406,0.5624559717905696,0.8771052631578947,6.6355255102884545
7F74864D0865,ELL,Yes,Text dependent,classified,0,human_associated,0.0095600717542119,164,5,80.65194702148438,0.6892307116799877,0.8051063829787234,6.360855432675426
7FCC9F27C202,non_ELL,No,Text dependent,classified,0,human_associated,0.01775054279337796,310,14,144.34973907470703,0.4374267464776094,0.9102508960573477,7.381235492971497
802C65A883AC,ELL,Yes,Text dependent,classified,0,human_associated,5.571108955844736e-09,377,14,414.18177795410156,0.4027250161156377,0.8471884057971014,7.183166171516023
803A47175851,ELL,Yes,Text dependent,classified,0,human_associated,0.0009533122883143158,443,22,138.14958953857422,0.7047298719903952,0.9027884615384616,7.57396270940935
80591C680EBC,non_ELL,No,Text dependent,classified,0,human_associated,0.04723089411569475,295,21,109.99340057373047,0.39512899896602827,0.8739705882352942,7.1089008720482925
80610E309C9C,non_ELL,No,Text dependent,classified,0,human_associated,0.06811593566170068,400,17,55.60816955566406,0.6205100880686061,0.8919466666666667,7.459662858134061
8065D0364BCF,non_ELL,No,Text dependent,classified,0,human_associated,0.005881414188205016,352,22,78.61463928222656,0.6155199628580341,0.8376829268292683,7.082444723633287
8071DCB0328D,non_ELL,No,Text dependent,classified,0,human_associated,0.02055548535726972,290,15,122.56370544433594,0.5295778409816357,0.8825757575757576,7.045165210038809
809AD723F37C,non_ELL,No,Text dependent,classified,0,human_associated,0.06665087346608571,198,12,111.64846420288086,0.3993757659779001,0.8633142857142857,6.8483431057666815
811B878CE2C1,non_ELL,No,Text dependent,classified,0,human_associated,0.0007525947367960211,493,20,40.79290962219238,0.6724568249288244,0.7637606837606837,6.902475293728389
81B0FFE6659F,non_ELL,No,Text dependent,classified,0,human_associated,0.19708648796923725,347,16,62.3897762298584,0.4060844946123005,0.8756521739130435,7.26115485346228
81E51029477E,non_ELL,No,Text dependent,classified,0,human_associated,0.00024750534578569795,356,8,104.83081817626953,0.8843686838212407,0.8545345345345345,7.292531791746983
81EE0A1746B9,non_ELL,No,Text dependent,classified,0,human_associated,2.5637762407015605e-08,157,7,400.23870849609375,1.0859723465632078,0.9103875968992248,6.569519555339488
821972DE4E6C,ELL,Yes,Text dependent,classified,0,human_associated,0.011324530065997533,303,16,173.01612854003906,0.5280355441412203,0.9210108303249097,7.146886961491577
822BF1CDB448,ELL,Yes,Text dependent,classified,0,human_associated,0.41353351037150615,231,15,79.70650482177734,0.45765562488309103,0.8977560975609756,7.0134576527601515
82721F205A18,ELL,Yes,Text dependent,classified,0,human_associated,0.0003028779779569437,277,14,165.51042938232422,0.6363247675505802,0.8728853754940712,7.262702806404134
82856A9600F1,non_ELL,No,Text dependent,classified,0,human_associated,0.0019021926074043532,274,13,221.16586303710938,0.40933745047110953,0.9228915662650602,7.282772342291068
82B0477EF671,non_ELL,No,Text dependent,classified,0,human_associated,0.0024104080274883967,365,13,115.94800567626953,0.6878013954281338,0.8660818713450292,7.130823306215652
82B175592A9D,ELL,Yes,Text dependent,classified,0,human_associated,0.00029478954071590456,307,19,234.7723388671875,0.33549610810719527,0.9054035087719299,7.4815424580051255
82BAB5065244,non_ELL,No,Text dependent,classified,0,human_associated,0.021264957132548206,255,12,139.17134857177734,0.47742693338311226,0.9006222222222222,7.190244214908246
82C7E42F6FC2,non_ELL,No,Text dependent,classified,0,human_associated,7.1213027166226744e-09,360,11,420.3812561035156,0.4426329664397662,0.8737026239067055,7.340315529850803
83212281F410,ELL,Yes,Text dependent,classified,0,human_associated,1.7287634503393778e-07,481,28,290.90174865722656,0.6046694228395965,0.8674125874125874,7.64592661288626
838005D1D7DC,non_ELL,No,Text dependent,classified,0,human_associated,0.041284385354306674,385,14,102.18209075927734,0.41840716276425366,0.881763085399449,7.294857055695526
83810CEDAE01,non_ELL,No,Text dependent,classified,0,human_associated,0.0009061962645657406,410,12,136.00538635253906,0.644183638226353,0.8889473684210526,7.533898144843305
83B5F5AC7EE3,non_ELL,No,Text dependent,classified,0,human_associated,0.008837697273560064,390,25,93.156982421875,0.5072421931912614,0.8696952908587258,7.452925977686423
83D8764B5B39,ELL,Yes,Text dependent,classified,0,human_associated,1.4813815161941846e-07,220,15,344.8771667480469,0.6213145306780987,0.8736507936507937,7.1261121783281345
8439B0D3B7DC,ELL,Yes,Text dependent,classified,0,human_associated,7.666152818993735e-05,359,25,223.27694702148438,0.4589636443088362,0.8894674556213018,7.495630612551543
8452DCB2606B,non_ELL,No,Text dependent,classified,0,human_associated,0.008812449306770874,417,29,77.25242614746094,0.5744619438769868,0.8777608142493639,7.619691086332257
8459600E47B0,ELL,Yes,Text dependent,classified,0,human_associated,0.0007758199198509662,537,34,160.68840789794922,0.4317308635934056,0.8866666666666667,7.6527225650511115
849AF101E649,non_ELL,No,Text dependent,classified,0,human_associated,0.32109094089556994,212,14,96.60415267944336,0.484494584121511,0.8883870967741936,6.742333757925105
84B7C99A3E2E,ELL,Yes,Text dependent,classified,1,ai_associated,0.5393959904022536,164,6,59.422414779663086,0.570530173842038,0.881958041958042,6.696604072039642
84F179DFCFC9,ELL,Yes,Text dependent,classified,0,human_associated,0.011656242201780463,342,17,115.10599517822266,0.5609510108262075,0.8928253968253969,7.351777799470935
84F4ACD3C467,non_ELL,No,Text dependent,classified,0,human_associated,0.00019227699585117896,266,15,208.48997497558594,0.5539397918026336,0.8699581589958159,6.998476965109721
8502CB843934,non_ELL,No,Text dependent,classified,0,human_associated,0.011727264686592697,551,22,111.43795394897461,0.4276387695540293,0.8862669245647969,7.548374378505921
8508022D5E38,non_ELL,No,Text dependent,classified,0,human_associated,0.00020743794447788797,237,12,183.7367935180664,0.853139657275722,0.8878468899521531,6.952304837611262
85138F16010B,non_ELL,No,Text dependent,classified,0,human_associated,0.09908688580496912,210,12,84.16931915283203,0.5831546953228941,0.8709677419354839,6.819809577699892
851B84DCDFCA,non_ELL,No,Text dependent,classified,0,human_associated,0.004027781054150743,340,16,144.79631423950195,0.3306703472912811,0.8620820189274448,7.282367850165782
85206013C290,non_ELL,No,Text dependent,classified,0,human_associated,0.013008156435424585,167,12,143.9867935180664,0.6453774549588809,0.8772027972027973,6.629174747442551
852FFC3A2437,ELL,Yes,Text dependent,classified,0,human_associated,0.015126000223735466,205,11,180.7446746826172,0.44838952708251584,0.9060674157303371,6.931308952370983
853D4D325335,non_ELL,No,Text dependent,classified,0,human_associated,0.03300229754442018,459,15,101.48729705810547,0.40703905728990963,0.8976,7.595866751446129
856320E11CF3,non_ELL,No,Text dependent,classified,0,human_associated,0.049114932424177436,314,19,71.39852142333984,0.46450621267112463,0.865103448275862,7.287676559156494
857459F8DD8D,ELL,Yes,Text dependent,classified,0,human_associated,0.07306692922116309,255,10,124.84443664550781,0.37771589391426247,0.8813793103448276,6.96048820546987
85A8289D3117,ELL,Yes,Text dependent,classified,0,human_associated,0.0528047227077247,330,20,136.77576446533203,0.4323863857583711,0.9203973509933775,7.339876894471666
85D4CB998D62,non_ELL,No,Text dependent,classified,0,human_associated,5.911112992849262e-06,313,16,276.42535400390625,0.4586868577787084,0.890242214532872,7.528961842960899
866DBF36BC7C,ELL,Yes,Text dependent,classified,0,human_associated,0.001382441057545007,370,9,156.3770294189453,0.43289785922342344,0.8782507288629737,7.443962136470911
866E03D00129,non_ELL,No,Text dependent,classified,0,human_associated,0.15336018315142422,216,10,103.47579574584961,0.4542387875181538,0.8976595744680851,7.080327063712506
86A74374E724,ELL,Yes,Text dependent,classified,0,human_associated,2.710857356911539e-08,329,12,295.9591064453125,0.7380197680696688,0.8128947368421052,7.052425528075935
86D1ED054ECA,non_ELL,No,Text dependent,classified,0,human_associated,4.674934174108851e-06,235,15,312.18621826171875,0.2810029984169512,0.8714691943127962,7.253011775581735
870D9B35F20A,non_ELL,No,Text dependent,classified,0,human_associated,0.12181902528509166,303,16,68.97067070007324,0.4961943614577905,0.878,7.191493920896398
879F0C1C09CD,ELL,Yes,Text dependent,classified,0,human_associated,0.005427873876019265,408,17,90.002197265625,0.5053257944718843,0.8671834625322997,7.577672664872917
879F248F7934,non_ELL,No,Text dependent,classified,0,human_associated,0.003537747686924844,212,7,103.78288269042969,0.6577953202994302,0.84,6.875284568060434
87ABD416A9CF,ELL,Yes,Text dependent,classified,0,human_associated,0.0020556968511159235,397,23,91.9021110534668,0.6477931254442353,0.8404324324324325,7.166914517379653
87B3D8A593F3,ELL,Yes,Text dependent,classified,0,human_associated,0.0006870773110013987,434,16,204.14105224609375,0.2946463739900223,0.9128780487804878,7.799359010349211
87B935C8336C,ELL,Yes,Text dependent,classified,0,human_associated,0.003757374658559111,375,32,133.37779235839844,0.44118773413831847,0.8680115273775216,7.305705205716662
882808C92A6E,ELL,Yes,Text dependent,classified,0,human_associated,2.1324355178975916e-11,239,11,597.6292114257812,0.6802986836604819,0.9253080568720379,7.012058528907468
887BBBE0CCC5,ELL,Yes,Text dependent,classified,0,human_associated,1.1202942369556117e-14,220,16,657.4468688964844,0.9178880378341329,0.8856842105263157,7.1973890143053625
88FBEF28CE3A,non_ELL,No,Text dependent,classified,0,human_associated,0.09805282376597288,391,27,101.85890197753906,0.2600524170493005,0.8669209809264306,7.162793303625474
89250C89D474,ELL,Yes,Text dependent,classified,0,human_associated,5.796464810105568e-07,560,19,230.82843017578125,0.7876929325129678,0.8705098039215686,7.73654565613608
892FAC621FF5,ELL,Yes,Text dependent,classified,0,human_associated,4.6771181727883096e-08,312,27,315.1734924316406,0.9539871756227298,0.9003508771929825,7.49371315819544
8947776CC567,non_ELL,No,Text dependent,classified,0,human_associated,1.395807620680818e-07,282,14,273.6138153076172,0.8154009831801321,0.8578461538461538,7.375285240793594
8967DE4692FE,non_ELL,No,Text dependent,classified,0,human_associated,0.01087541889043505,217,12,101.7446060180664,0.3426898395136192,0.8041450777202073,6.715896294850359
897B3478DC01,ELL,Yes,Text dependent,classified,0,human_associated,0.0011962956724895005,403,24,131.25540161132812,0.4419005141318013,0.8194164456233421,6.946712153745034
8993D20E44A6,non_ELL,No,Text dependent,classified,0,human_associated,0.003575334731198995,819,39,114.40531158447266,0.47901801320421056,0.9101877346683355,8.037047155413363
899F478E9672,non_ELL,No,Text dependent,classified,0,human_associated,0.001513220757372038,270,16,149.40452575683594,0.9569303401000323,0.9146218487394958,7.029742719769114
8A533A6E8808,ELL,Yes,Text dependent,classified,0,human_associated,0.1334716271218739,243,14,94.23708724975586,0.5000218197331908,0.8792660550458715,6.889824581407033
8A658A988B96,ELL,Yes,Text dependent,classified,0,human_associated,0.007299116242104846,185,6,181.97349548339844,0.520685676207059,0.900125786163522,6.882760327614892
8AC33F8E9C35,non_ELL,No,Text dependent,classified,0,human_associated,0.00037232463928352704,270,3,97.91252899169922,1.083935513809233,0.8652459016393442,7.049218951648585
8AFEAAB30C00,non_ELL,No,Text dependent,classified,0,human_associated,0.07816646469667694,413,25,63.720462799072266,0.3799745635358245,0.87,7.47634943049542
8B19F3C51A0E,ELL,Yes,Text dependent,classified,0,human_associated,0.010742427963439058,260,12,146.19293975830078,0.5031829566905379,0.9076923076923077,7.328432961393555
8B4BBB3F601D,non_ELL,No,Text dependent,classified,0,human_associated,0.3028423554487289,402,18,64.68957901000977,0.45594238934886827,0.9136507936507937,7.521149681701194
8B4FAFA150A8,ELL,Yes,Text dependent,classified,0,human_associated,0.0007216120975038049,155,6,187.07986450195312,0.41207937508185594,0.8338461538461539,6.68875831305087
8B7E97D3310D,non_ELL,No,Text dependent,classified,0,human_associated,0.007139261339334347,208,10,143.99150848388672,0.5280199451336177,0.8582608695652174,6.735386860050996
8B882092B4A7,ELL,Yes,Text dependent,classified,0,human_associated,0.0023309711216221553,193,10,207.49493408203125,0.5857188998814625,0.8931736526946108,6.6584600140427
8C07C2DD62EF,non_ELL,No,Text dependent,classified,0,human_associated,0.17554401544928996,232,11,121.3609848022461,0.39864514899305575,0.897864077669903,6.943528771559113
8C10A8ABF46D,ELL,Yes,Text dependent,classified,0,human_associated,1.5216984104394073e-07,317,19,315.6404724121094,0.5392088521656517,0.8448442906574395,7.210249439994499
8C155B1DA8DD,ELL,Yes,Text dependent,classified,0,human_associated,8.45652161633619e-05,229,7,99.07981872558594,1.3467761530982294,0.8623076923076923,6.872750216470065
8C21366D27DF,non_ELL,No,Text dependent,classified,0,human_associated,0.004884687063542728,431,28,96.46553802490234,0.5912637618519526,0.8897560975609756,7.6789958584110725
8C438E75385D,ELL,Yes,Text dependent,classified,0,human_associated,0.000734462355144658,239,11,204.0743408203125,0.4518099505377883,0.8921495327102804,7.212023279064761
8C62721A56E0,ELL,Yes,Text dependent,classified,0,human_associated,0.0005915930461358514,422,19,104.48231506347656,0.4828634525001454,0.836,7.572025045236703
8C7464101130,ELL,Yes,Text dependent,classified,0,human_associated,0.001657588048822571,288,10,161.2652130126953,0.6077876801955852,0.8804597701149426,7.051894798635186
8C9A286F5351,ELL,Yes,Text dependent,classified,0,human_associated,0.0006802560348810371,321,22,180.25741577148438,0.6231921221745208,0.8960269360269361,7.237419636258682
8CAF1B7BD82D,non_ELL,No,Text dependent,classified,0,human_associated,0.008493479863890322,912,32,96.86575317382812,0.4293455941575177,0.8917485714285714,7.864380553046077
8CE86A8F7EE0,non_ELL,No,Text dependent,classified,0,human_associated,0.028794258075332996,227,19,124.06599426269531,0.5475893289317272,0.8627450980392157,6.640872644150066
8D3BE9EAB1D5,ELL,Yes,Text dependent,classified,0,human_associated,9.220987182046014e-07,497,19,173.37014770507812,0.9912153492690396,0.860378947368421,7.76144743460983
8D3F64CB71A3,ELL,Yes,Text dependent,classified,0,human_associated,0.0001005432020834214,721,30,95.49446868896484,0.8321960095992661,0.8661818181818182,7.87260493212928
8D4A0D4CD2C2,ELL,Yes,Text dependent,classified,0,human_associated,0.00399321503070186,339,24,106.90478897094727,0.586897215244096,0.8492012779552716,7.0662007847061235
8D88D415D78E,non_ELL,No,Text dependent,classified,0,human_associated,0.06866024318453892,283,16,131.95960235595703,0.4709383468273111,0.9224615384615384,7.283361637656071
8D9D207D883C,non_ELL,No,Text dependent,classified,0,human_associated,0.0021778833180540447,256,17,137.28604125976562,0.4022158337328577,0.8499159663865546,7.220320640938236
8DA3804EEB25,non_ELL,No,Text dependent,classified,0,human_associated,0.0001764753985798594,438,36,161.6260223388672,0.5859115755649558,0.8011594202898551,6.555281185567944
8DDDD842BDDD,ELL,Yes,Text dependent,classified,1,ai_associated,0.5084810307418478,225,9,55.13510513305664,0.4643921981712978,0.8879591836734694,7.052747638251594
8E6CB58E9762,ELL,Yes,Text dependent,classified,0,human_associated,0.0006095883361762878,192,11,174.50343322753906,0.5672995451494888,0.8656969696969697,7.019683670899722
8EB7CE98B8EA,non_ELL,No,Text dependent,classified,0,human_associated,0.14356588190360786,420,29,85.7391586303711,0.34686807336141545,0.8901507537688442,7.395977346156513
8F2DE1AB0229,ELL,Yes,Text dependent,classified,0,human_associated,0.00023011903685896313,205,6,238.0680694580078,0.44564559910314383,0.8756069364161849,6.896021471210722
8F47C4F378EA,ELL,Yes,Text dependent,classified,0,human_associated,0.0004903533554112366,361,11,142.33322143554688,0.5121122466491542,0.8487687687687687,7.308698996387435
8F899DE6880E,non_ELL,No,Text dependent,classified,0,human_associated,0.0007123709212041541,514,20,50.376630783081055,0.703019647392162,0.8173061224489796,7.479576627378202
8FFBD4C432B4,non_ELL,No,Text dependent,classified,0,human_associated,7.2444654345969605e-06,500,29,240.37051391601562,0.6042343035733063,0.8905833333333333,7.624274130217256
902A59ECB525,ELL,Yes,Text dependent,classified,0,human_associated,0.005264690065337897,278,12,223.09417724609375,0.36227111220364844,0.895494071146245,6.725932079493471
9071D5352B7E,non_ELL,No,Text dependent,classified,0,human_associated,0.051322812455743556,309,11,96.12913513183594,0.4097252170072969,0.8710175438596491,7.177618145671532
907F017A332D,ELL,Yes,Text dependent,classified,0,human_associated,0.007318947707532116,240,10,182.1346664428711,0.3658833656393166,0.8824074074074074,6.924549452149381
90DE3D7217AF,ELL,Yes,Text dependent,classified,0,human_associated,0.01182177458517513,353,10,77.54137420654297,0.6894048812984405,0.870059880239521,7.22737045520971
910B844ACCA1,ELL,Yes,Text dependent,classified,0,human_associated,0.011233893515132673,422,26,149.02649688720703,0.385772278407931,0.9150753768844221,7.602229260623009
91207DE7B9B3,non_ELL,No,Text dependent,classified,0,human_associated,0.00866025125379898,577,32,103.46313095092773,0.6067274635827333,0.9087769784172662,7.6895392888161815
912848EF6E5E,ELL,Yes,Text dependent,classified,0,human_associated,0.020675928004728332,376,10,91.11437225341797,0.3865523296477062,0.8908045977011494,7.775762165940997
915D19B0AB77,ELL,Yes,Text dependent,classified,0,human_associated,7.388309957856761e-05,465,21,153.0056915283203,0.4351447527477499,0.8113122171945701,7.281314629726267
916117BFE2A1,non_ELL,No,Text dependent,classified,0,human_associated,0.0019160760104432986,608,32,84.57928085327148,0.5338316538666141,0.8400701754385965,7.472245375859942
917BFBA9C5C7,ELL,Yes,Text dependent,classified,0,human_associated,0.00045465910747260357,193,11,280.349853515625,0.4255793486035163,0.9226035502958579,6.9273960500370695
91BE694E60E0,ELL,Yes,Text dependent,classified,0,human_associated,0.3112148668481568,232,15,90.57829284667969,0.38769407006476275,0.8965853658536586,7.11177954787972
9215ABF587EB,non_ELL,No,Text dependent,classified,0,human_associated,0.02176434426350634,475,28,115.32440948486328,0.4409934646535485,0.8971681415929204,7.47486435733851
9224F001F074,ELL,Yes,Text dependent,classified,0,human_associated,0.011306536716657559,332,9,136.50709533691406,0.3823420292041124,0.9052287581699346,7.614841475610195
922D3C44BE46,ELL,Yes,Text dependent,classified,0,human_associated,2.7284811927951725e-10,227,7,447.57373046875,0.5467148428034159,0.8241206030150754,6.960553054836905
925C7FFD12C9,ELL,Yes,Text dependent,classified,0,human_associated,0.24791405107027545,172,8,150.9696807861328,0.6620644042900716,0.9269798657718121,6.41204689438886
928548A07586,ELL,Yes,Text dependent,classified,0,human_associated,0.01400519000894432,369,16,112.21384048461914,0.39783246513913273,0.8742352941176471,7.386979859818391
92887B4B5F2A,non_ELL,No,Text dependent,classified,0,human_associated,4.135617753070755e-07,392,24,320.7359619140625,0.3676169503590113,0.8435457063711911,7.207513061220283
93203D30E46D,ELL,Yes,Text dependent,classified,0,human_associated,8.806934112347234e-09,377,23,392.3327331542969,0.5522868599045869,0.873935860058309,7.407401073954672
939718B6780D,non_ELL,No,Text dependent,classified,0,human_associated,2.8179967002027686e-05,194,13,272.4044494628906,0.6657267252765704,0.9,6.944971347207928
939AD6E4BA16,non_ELL,No,Text dependent,classified,0,human_associated,0.009138224011504995,591,14,109.81278610229492,0.5258699917583073,0.9060215053763441,7.715946894451525
939E66CC3A0C,non_ELL,No,Text dependent,classified,0,human_associated,9.535600388366993e-05,411,20,140.3071632385254,0.4244650397933542,0.8149873417721519,7.432730835202547
93A479EB5BA3,non_ELL,No,Text dependent,classified,0,human_associated,0.0006174816372960726,179,6,202.40750885009766,0.4984510789397491,0.8696688741721854,6.8813145393085895
93B77B484B96,non_ELL,No,Text dependent,classified,0,human_associated,0.005371143184860484,250,10,100.30855941772461,0.50396651807114,0.8501785714285715,7.234555260710834
93B9C33FF16D,non_ELL,No,Text dependent,classified,0,human_associated,0.0012769424376081508,413,20,141.39591217041016,0.5663257701640316,0.8857441253263708,7.489083903066531
93E10E079796,ELL,Yes,Text dependent,classified,0,human_associated,0.005600133902090948,307,9,116.62582397460938,0.5352855427198626,0.8806993006993007,7.39700535059167
93E94C3BFE5B,ELL,Yes,Text dependent,classified,0,human_associated,0.0015953519158817752,562,24,130.09824752807617,0.43726314393820725,0.8927579737335835,7.896162044764977
945DC098A326,non_ELL,No,Text dependent,classified,0,human_associated,2.7877342823714566e-08,273,15,263.86434173583984,1.1731299960594372,0.8680645161290322,7.357893988267936
946C874A9CCD,non_ELL,No,Text dependent,classified,0,human_associated,0.011411618288123862,751,36,93.64734649658203,0.4504109812432877,0.8803851444291609,7.634683699048769
94CF651FD3BF,non_ELL,No,Text dependent,classified,0,human_associated,0.3365677570416064,411,24,52.22241020202637,0.3726416879715434,0.8721850899742931,7.2139137341415855
9500B623A6AC,non_ELL,No,Text dependent,classified,1,ai_associated,0.6543410026971849,214,10,62.488609313964844,0.4285712059047058,0.8981818181818182,7.027301782274244
951A053453C0,ELL,Yes,Text dependent,classified,0,human_associated,0.016790876203522407,348,19,103.23177337646484,0.48112891003478275,0.8742857142857143,7.290983166425424
957EE90E67F9,ELL,Yes,Text dependent,classified,0,human_associated,1.0145899507164573e-05,443,25,222.13726806640625,0.500271312640567,0.8564988009592326,7.476642876354484
963E8B231ED0,non_ELL,No,Text dependent,classified,0,human_associated,0.0011299166830955258,634,31,144.3499298095703,0.47960352702943787,0.8913911620294599,7.722185541071768
963F9F1E5524,non_ELL,No,Text dependent,classified,0,human_associated,0.005092204372236643,296,14,94.19580841064453,0.41412220604520056,0.8457777777777777,7.422643232011138
964639CCF90C,ELL,Yes,Text dependent,classified,0,human_associated,0.0196033133063078,246,11,118.37748718261719,0.5389204022859034,0.8836199095022624,7.101384971984835
967A8CC3139A,non_ELL,No,Text dependent,classified,0,human_associated,0.16378647646960354,250,9,64.91734313964844,0.565080042516624,0.8834188034188034,7.100086016319538
9703B728E289,non_ELL,No,Text dependent,classified,0,human_associated,0.008980762565165827,218,25,123.70789337158203,0.5452752542346465,0.8672820512820513,6.999812640048399
975927254400,non_ELL,No,Text dependent,classified,0,human_associated,0.05307203878218481,479,18,49.99195861816406,0.4783358099273182,0.8629580573951435,7.4556654565236595
97A506FAF875,ELL,Yes,Text dependent,classified,0,human_associated,0.036371639304380914,287,11,80.11005401611328,0.5249016796840952,0.8876045627376425,7.460260112041008
97A5F803C874,ELL,Yes,Text dependent,classified,0,human_associated,0.0003150569163913195,434,32,101.74319076538086,0.7176336092500725,0.8557073170731707,7.592045171746979
97B417D0B9D9,non_ELL,No,Text dependent,classified,0,human_associated,0.021519734996370443,158,10,123.41607666015625,0.46277234051244576,0.8379856115107914,6.540467559141601
97C622EBBAB9,non_ELL,No,Text dependent,classified,0,human_associated,0.017753636961853437,257,12,160.9109649658203,0.42507788653002104,0.9002620087336245,7.080354860544888
97EA28FC8ECE,non_ELL,No,Text dependent,classified,0,human_associated,0.04320883597158182,229,12,80.9722900390625,0.5191362525006694,0.8552195121951219,6.976700443360257
983925C8CFCF,ELL,Yes,Text dependent,classified,0,human_associated,0.0006044105820020011,229,9,240.29385375976562,0.5365691262280863,0.9126732673267327,6.972135192121464
9865A4972C51,non_ELL,No,Text dependent,classified,0,human_associated,0.007194126709405552,401,24,86.08533096313477,0.4890865533698788,0.8295466666666667,7.070737828421957
988D787A291E,non_ELL,No,Text dependent,classified,0,human_associated,0.0007040099999146018,325,15,177.5955352783203,0.5145353184660364,0.880794701986755,7.25225225216325
9922F6B9A55B,ELL,Yes,Text dependent,classified,0,human_associated,6.636516859762115e-06,277,6,334.839599609375,0.44025660224895513,0.9043265306122449,7.064433605101776
995330686089,ELL,Yes,Text dependent,classified,0,human_associated,0.006956597090601182,457,10,96.42632293701172,0.6251233862663681,0.8959250585480094,7.614281075450887
997CE2289B8D,ELL,Yes,Text dependent,classified,0,human_associated,0.0005778682530074405,456,19,156.0824737548828,0.5799936928926738,0.8882983682983683,7.525623695645541
998A405C5352,non_ELL,No,Text dependent,classified,0,human_associated,0.13314136265048207,564,30,94.90144348144531,0.3962764891830735,0.894721189591078,7.284575092244204
99D8B323FBB5,ELL,Yes,Text dependent,classified,0,human_associated,0.07270329029041199,252,11,98.55345153808594,0.36180493995667945,0.8884581497797357,7.385395740721047
99DD22237B48,ELL,Yes,Text dependent,classified,0,human_associated,5.140061990213939e-06,198,13,232.79730224609375,0.6459935819055551,0.847719298245614,7.133444228406266
99F6C8027D43,non_ELL,No,Text dependent,classified,1,ai_associated,0.5923027965562313,378,26,49.00481605529785,0.41132249867551207,0.9065915492957747,7.390850538752609
9A09E549C46B,non_ELL,No,Text dependent,classified,0,human_associated,0.00012757629634994774,324,24,157.3914566040039,0.5986472345434611,0.855457627118644,7.397776760000543
9A0B8CB86C16,ELL,Yes,Text dependent,classified,0,human_associated,0.0025672531658246303,251,14,160.01251220703125,0.3260779358163096,0.8506194690265487,7.072541518298415
9A0DF8D428F6,non_ELL,No,Text dependent,classified,0,human_associated,0.030683040086236946,255,16,143.13543701171875,0.4711409976993705,0.9007017543859649,7.066278052824224
9A1DC81E4FB5,ELL,Yes,Text dependent,classified,0,human_associated,6.3266065671436165e-09,238,12,465.5732421875,0.6324640777484527,0.9284313725490196,7.251814670753133
9A554EAE3123,ELL,Yes,Text dependent,classified,0,human_associated,1.6458604008821228e-05,244,15,225.53517150878906,0.4597178622606886,0.8458715596330275,7.250378053197242
9AC1364B5A09,non_ELL,No,Text dependent,classified,0,human_associated,0.3448100597468376,409,16,83.33669662475586,0.509986721860796,0.907012987012987,7.073111503237283
9AEE597CBE7E,non_ELL,No,Text dependent,classified,0,human_associated,0.00011161563219832193,454,34,150.70490264892578,0.537802147266032,0.8594418604651163,7.672520270561065
9B23715DFB32,non_ELL,No,Text dependent,classified,0,human_associated,1.5940970801923987e-05,355,4,146.21605682373047,1.2849636354309053,0.9062650602409639,7.457426789159756
9B90E0AB50AF,ELL,Yes,Text dependent,classified,0,human_associated,0.00013780543171456662,505,13,187.20172119140625,0.44194192091117157,0.8874534161490684,7.765471485242637
9B948850F6A8,non_ELL,No,Text dependent,classified,0,human_associated,0.0033898892573274403,276,19,148.7038116455078,0.6703387510544118,0.8951394422310757,7.103897444619741
9BAE97BE9789,non_ELL,No,Text dependent,classified,0,human_associated,0.010466107459060705,368,25,109.2569808959961,0.48349832931878467,0.8692173913043478,7.266132878725623
9BDCEB68149D,non_ELL,No,Text dependent,classified,0,human_associated,0.05244582722005586,216,12,126.08549118041992,0.4995434548839114,0.8827659574468085,6.82686914773721
9BE033155063,non_ELL,No,Text dependent,classified,0,human_associated,0.01980422241543194,398,19,64.485595703125,0.8074018512867595,0.8902374670184696,7.304634795361009
9C0B44764ED8,ELL,Yes,Text dependent,classified,0,human_associated,0.1503630140809222,207,4,95.74624633789062,0.5503712846480545,0.8604347826086957,6.4897986242399766
9C1132980450,non_ELL,No,Text dependent,classified,0,human_associated,0.00520155926246895,409,29,95.94133758544922,0.6704731806049468,0.8752331606217617,7.325877957885711
9C6B4DBF759B,non_ELL,No,Text dependent,classified,0,human_associated,0.024604999871166006,550,32,86.15324783325195,0.40003371590592735,0.8755047619047619,7.555543417177878
9C6C90C996C5,non_ELL,No,Text dependent,classified,0,human_associated,0.005396359929369268,1129,51,105.81700134277344,0.328672637996861,0.9012625800548948,8.189318831244371
9C8126B25A26,ELL,Yes,Text dependent,classified,0,human_associated,0.004982168898197781,473,19,109.10768127441406,0.5139973744353992,0.8789189189189189,7.5258695130814575
9C88B308AF78,ELL,Yes,Text dependent,classified,0,human_associated,0.05280731733980282,232,7,142.93397521972656,0.5790956637498964,0.9160189573459716,6.940021267826994
9C9B14A8CB1C,ELL,Yes,Text dependent,classified,0,human_associated,0.08486397214069755,187,5,128.68125915527344,0.4531896768456599,0.9028915662650603,7.0310062972691805
9CA856DBE529,non_ELL,No,Text dependent,classified,0,human_associated,0.019883527354335306,452,21,128.35008239746094,0.4096207116636349,0.9133333333333333,7.627569428318357
9CCA38CB452F,ELL,Yes,Text dependent,classified,0,human_associated,1.9884763887014832e-05,275,11,245.5406036376953,0.8042049254575463,0.9058461538461539,7.158626378480496
9CED3E8B8E0B,ELL,Yes,Text dependent,classified,0,human_associated,0.08753520583238204,454,20,78.071044921875,0.4675583069252388,0.8714418604651163,7.1417986563349505
9D00D095FDE7,non_ELL,No,Text dependent,classified,0,human_associated,0.0001861506310662453,566,31,115.06275177001953,0.42323993269525684,0.8411786372007367,7.914422239090285
9D42FF4BDA82,ELL,Yes,Text dependent,classified,0,human_associated,0.0006312133153726548,332,17,239.41329956054688,0.31819805153394637,0.9198697068403909,7.472054927709421
9DC1EE4E5674,ELL,Yes,Text dependent,classified,0,human_associated,0.00040105483966339803,343,27,221.7903289794922,0.4393231784007074,0.870126582278481,6.882133696037771
9DD9806F1035,ELL,Yes,Text dependent,classified,0,human_associated,0.05033328507531644,376,23,115.57706451416016,0.4186496463772351,0.9049438202247191,7.407451701029994
9DE0959F746D,ELL,Yes,Text dependent,classified,0,human_associated,8.138441733542392e-09,204,9,433.39788818359375,0.43338711847915806,0.8537853107344633,6.906279228237265
9DF12143A699,non_ELL,No,Text dependent,classified,0,human_associated,0.008244792999930818,527,27,102.6009292602539,0.4207077529320108,0.8443002028397566,7.176932868143533
9E181C2DF75A,non_ELL,No,Text dependent,classified,0,human_associated,0.27165239086756077,353,21,85.0524673461914,0.31176488081078496,0.8979939209726444,7.380298392093483
9E1B8D4EA6B0,ELL,Yes,Text dependent,classified,0,human_associated,9.719126264992305e-06,335,24,288.6743621826172,0.46807513100825143,0.9046451612903226,7.447651125945179
9E93D3D95C5F,ELL,Yes,Text dependent,classified,0,human_associated,0.00205862240994001,350,17,158.91839599609375,0.3579356280564978,0.8918012422360249,7.6405517470455955
9ECFADCBCC48,non_ELL,No,Text dependent,classified,0,human_associated,0.04784017180153747,241,14,102.7182388305664,0.416441010651808,0.8642201834862385,7.016087899012306
9F50AD214155,non_ELL,No,Text dependent,classified,0,human_associated,0.0008572489014854079,204,9,210.990234375,0.4270398998068933,0.8824719101123596,7.009917256150989
9F73A77C612F,non_ELL,No,Text dependent,classified,0,human_associated,0.1714396031787051,226,7,104.71094512939453,0.6102610322542594,0.9112871287128713,6.93170967556414
9F7BAFDB7636,ELL,Yes,Text dependent,classified,0,human_associated,0.013474319193440453,256,14,159.66026306152344,0.3784773546325358,0.8841379310344828,7.029300745934861
9FAEE71C268E,ELL,Yes,Text dependent,classified,0,human_associated,0.010887013292167394,517,22,71.28170776367188,0.6882036484375548,0.8540936863543789,7.103556044416866
9FBF8FD4AC42,ELL,Yes,Text dependent,classified,0,human_associated,0.001291088916221192,268,11,145.9632110595703,0.4574456424265448,0.834,6.931229433600283
9FC7CB71EF7B,ELL,Yes,Text dependent,classified,0,human_associated,1.7255442254006685e-06,219,8,247.24613189697266,0.9861376843359818,0.8516326530612245,6.661891737784178
9FC90B9C6420,ELL,Yes,Text dependent,classified,0,human_associated,2.094753872179252e-08,291,10,332.26202392578125,0.5124015570388846,0.8383333333333334,7.4660001392434445
9FD63A312A5D,ELL,Yes,Text dependent,classified,0,human_associated,0.22569036905023634,292,11,85.49771881103516,0.3865999014576125,0.8792565055762082,7.042393517861184
A05FF40CA89A,non_ELL,No,Text dependent,classified,0,human_associated,0.002352510472612109,165,15,196.99330139160156,0.5504191393416072,0.8797122302158273,6.65711282025397
A07A05AD9104,ELL,Yes,Text dependent,classified,0,human_associated,8.472202465853902e-08,325,12,339.3328857421875,0.49181433994080764,0.8771034482758621,7.6108559351817275
A0DEA37279E9,non_ELL,No,Text dependent,classified,0,human_associated,0.007065926155963587,169,9,206.55670166015625,0.4474100699435114,0.8830555555555556,6.514949098206443
A11991A7C4CE,non_ELL,No,Text dependent,classified,0,human_associated,0.00013756566684102083,669,21,119.66812896728516,0.6683575818427,0.8494080996884735,7.596044108549469
A11D007DBECD,ELL,Yes,Text dependent,classified,0,human_associated,0.0030812908640652724,453,16,81.86975860595703,0.7077619558145543,0.8751515151515151,7.543613636670497
A1F48D16C67B,ELL,Yes,Text dependent,classified,0,human_associated,2.338220888104898e-10,473,23,382.4963684082031,0.9201628383916449,0.8614634146341463,7.555307883054148
A22BFFABF5A4,non_ELL,No,Text dependent,classified,0,human_associated,8.801306928804439e-05,239,14,229.9158935546875,0.46938311944563244,0.8669767441860465,7.061474118829796
A25945256A69,non_ELL,No,Text dependent,classified,0,human_associated,5.9773722065619426e-05,273,18,197.68611907958984,0.40344524511537394,0.8057831325301205,6.809843901474899
A2BCD0012914,non_ELL,No,Text dependent,classified,0,human_associated,0.002312919302909677,365,23,156.61395263671875,0.35509178467032126,0.8439402985074627,6.9921611103034085
A2DCB2389283,ELL,Yes,Text dependent,classified,0,human_associated,0.0011236803867198503,719,26,156.65597534179688,0.46221790375465766,0.9002279202279202,7.736386816647068
A3041B0D7D5E,ELL,Yes,Text dependent,classified,0,human_associated,0.012944623288906575,285,11,136.38035583496094,0.5066161222784132,0.8942635658914728,7.204568867106243
A3047C282C45,ELL,Yes,Text dependent,classified,0,human_associated,5.634513305140521e-11,390,34,462.1137390136719,0.4412923535428811,0.8212885154061624,7.336049260270794
A38F35A9F711,non_ELL,No,Text dependent,classified,0,human_associated,0.008195770255593282,549,24,95.46918869018555,0.4047170026777807,0.8657523809523809,7.5806213374882665
A39261D4A017,non_ELL,No,Text dependent,classified,0,human_associated,0.12752736456428906,279,19,77.50886535644531,0.4373750900428053,0.8646274509803922,7.008452317440202
A3BB032558E2,ELL,Yes,Text dependent,classified,0,human_associated,6.996026574427339e-08,356,13,317.61273193359375,0.759819971367487,0.8615105740181269,7.197360828936168
A3BFEB7818C7,non_ELL,No,Text dependent,classified,0,human_associated,0.006033132261855914,442,22,104.96490097045898,0.4578816457857788,0.8896153846153846,7.774925460291726
A3F5E3171625,non_ELL,No,Text dependent,classified,0,human_associated,0.0055519655431584165,307,15,119.64142608642578,0.4573705726497674,0.855,7.158874708531406
A46BF87BBB48,non_ELL,No,Text dependent,classified,0,human_associated,4.126321511191545e-05,397,24,200.98117065429688,0.681277572238205,0.898375350140056,7.610621967643775
A4FB165016A2,ELL,Yes,Text dependent,classified,0,human_associated,0.006804083927377026,361,16,108.1888313293457,0.47349866041709515,0.881910447761194,7.575251923644358
A564951E4EC4,non_ELL,No,Text dependent,classified,0,human_associated,0.004165844609416282,498,23,75.3200454711914,0.6423859076872652,0.8710638297872341,7.608974686612336
A57F5B6E1247,non_ELL,No,Text dependent,classified,0,human_associated,0.0002499145984350211,650,45,144.88975524902344,0.5419974224324023,0.8733878887070377,7.723978482451168
A59032F47FAE,ELL,Yes,Text dependent,classified,0,human_associated,4.683485958616569e-08,178,8,310.4208221435547,0.8976170074540633,0.8420915032679739,6.858361934907431
A59C88B945A3,ELL,Yes,Text dependent,classified,0,human_associated,0.0002118933773295161,227,15,206.30599975585938,0.5994737832289158,0.8874,7.152948929143214
A5F0ED6DAA05,non_ELL,No,Text dependent,classified,0,human_associated,0.03605753841078607,356,18,119.02099227905273,0.46555371120674904,0.8716867469879518,6.914313157373149
A602D45D22B2,ELL,Yes,Text dependent,classified,0,human_associated,0.015694843868346114,283,9,129.81747436523438,0.5912206504845297,0.9025101214574899,7.187549482687702
A615D47180DF,ELL,Yes,Text dependent,classified,0,human_associated,0.00019394741039255415,286,14,191.83252716064453,0.3824232113424789,0.8593103448275862,7.356446130126218
A61A25C73DB3,non_ELL,No,Text dependent,classified,0,human_associated,0.0031970801516020574,217,12,105.04287719726562,0.42532186175765463,0.7910880829015544,6.648757608038182
A65A82E9C85D,ELL,Yes,Text dependent,classified,0,human_associated,0.0019328322142452676,151,13,236.37506103515625,0.3878418279038989,0.8884375,6.677291650807865
A65BB728AB32,non_ELL,No,Text dependent,classified,0,human_associated,4.682770405941065e-07,391,23,307.07391357421875,0.7058779188809042,0.9051612903225806,7.546900886239377
A6701D35F79B,non_ELL,No,Text dependent,classified,0,human_associated,0.0001466395189996523,410,37,186.39926147460938,0.4760288246314184,0.8481462140992168,7.161678039402366
A681057AC54F,ELL,Yes,Text dependent,classified,0,human_associated,0.017092303339789654,160,5,123.63028717041016,0.8723455529955163,0.9015151515151515,6.704702762208185
A6A21895ADF9,ELL,Yes,Text dependent,classified,0,human_associated,1.887053492501094e-14,394,24,672.0057067871094,0.5883909110103014,0.8767567567567568,7.391305863871049
A6B490224E67,ELL,Yes,Text dependent,classified,0,human_associated,0.0011413983823999546,258,9,156.49176025390625,0.608084267443723,0.8736480686695279,7.103806226945846
A6B8F0EB90C3,non_ELL,No,Text dependent,classified,0,human_associated,0.003878792399173524,443,26,112.0802230834961,0.5092104482551835,0.8674641148325359,7.406413800475409
A78AF6BE252A,non_ELL,No,Text dependent,classified,0,human_associated,0.011595979169339946,245,16,149.5255889892578,0.5322906474223771,0.8988340807174888,7.097615085276687
A791047275B9,non_ELL,No,Text dependent,classified,0,human_associated,0.0003727031799912086,230,10,98.53910827636719,0.6496552115648467,0.7827450980392157,6.719833537503911
A7A6EB68B7DA,non_ELL,No,Text dependent,classified,0,human_associated,0.11609916963394336,360,19,102.4229507446289,0.29513340072387234,0.8744213649851632,7.147692734012434
A7CDCBAF12C8,non_ELL,No,Text dependent,classified,0,human_associated,0.0001999449350810282,478,20,139.9680404663086,0.5834999328901859,0.8700671140939598,7.712427794670131
A7EA8CF2F203,non_ELL,No,Text dependent,classified,0,human_associated,6.180443168178923e-05,606,33,153.2981719970703,0.6565341921796435,0.8812162162162163,7.864616108687804
A817C51F0787,non_ELL,No,Text dependent,classified,0,human_associated,0.003560747215166683,295,24,132.99542236328125,0.471953041000233,0.8746666666666667,7.357030963628442
A831BFD2DCBE,ELL,Yes,Text dependent,classified,0,human_associated,6.788647204296947e-07,194,4,324.1226043701172,0.544812600004787,0.8585882352941177,6.926364953009801
A850DCCFB6DE,ELL,Yes,Text dependent,classified,0,human_associated,0.0007094411690784266,572,24,106.86310958862305,0.5290514593102205,0.8583240223463687,7.719379057690353
A8683674019F,non_ELL,No,Text dependent,classified,0,human_associated,0.0011710748275074055,885,48,48.91922950744629,0.5455958745952842,0.8354166666666667,7.911513057802043
A8A25F94F5B6,ELL,Yes,Text dependent,classified,0,human_associated,0.007877180891877453,166,4,219.5216064453125,0.35368698341519356,0.8777777777777778,6.4423099883542685
A8B028FCCF5B,ELL,Yes,Text dependent,classified,0,human_associated,2.2583532726245374e-05,469,25,178.8154296875,0.468292905790847,0.8266067415730337,7.424736406799706
A8D21847EA6D,ELL,Yes,Text dependent,classified,0,human_associated,0.0008162977381330596,301,10,159.96234893798828,0.6227748278290531,0.8977289377289377,7.446870565624939
A8E73414941A,non_ELL,No,Text dependent,classified,0,human_associated,0.0008428558260981505,468,21,85.14888000488281,0.6194959974517396,0.8415077605321508,7.527834180433272
A8F2D9005A0A,non_ELL,No,Text dependent,classified,0,human_associated,0.06442006325244402,308,16,72.87696075439453,0.3544363269700106,0.8577777777777778,7.304094265953274
A924B3431D21,ELL,Yes,Text dependent,classified,0,human_associated,0.0010127621876367858,430,24,96.32971572875977,0.5452847606489077,0.8095049504950496,7.057651587113981
A930350D5AE7,ELL,Yes,Text dependent,classified,0,human_associated,0.0013584951207726655,231,9,220.1912384033203,0.45791849614579455,0.8979512195121951,6.947035628905768
A93C6DA5B026,ELL,Yes,Text dependent,classified,0,human_associated,0.0005807290568278728,470,24,140.71314239501953,0.6573584891159256,0.9022022471910113,7.745161482532047
A9B0314D6914,ELL,Yes,Text dependent,classified,0,human_associated,1.7571228378488536e-05,364,27,262.51873779296875,0.5131369666597699,0.9180838323353293,7.6995244074549865
A9D54990F59F,non_ELL,No,Text dependent,classified,0,human_associated,0.2868910516676492,686,21,51.45574951171875,0.47703825292388324,0.9003603603603604,7.4700671240381435
AA0660FA9196,ELL,Yes,Text dependent,classified,0,human_associated,7.562906354499645e-09,340,24,381.83905029296875,0.3091407257958479,0.8127388535031848,7.178921056479287
AA06B5CC9A66,ELL,Yes,Text dependent,classified,0,human_associated,0.004963269318513819,444,22,155.9099578857422,0.36248232185694157,0.9082926829268293,7.675490072525396
AA0EA22C9C5A,non_ELL,No,Text dependent,classified,0,human_associated,0.2120987328400945,202,16,95.25060272216797,0.4285431166686019,0.8892134831460674,7.0094204130161115
AA23423F78A8,ELL,Yes,Text dependent,classified,0,human_associated,2.1105491573398714e-06,276,14,291.91212463378906,0.3751135369234282,0.8581960784313726,7.322455530744071
AA5DACC2CA82,ELL,Yes,Text dependent,classified,0,human_associated,0.0011315852689715992,440,24,151.1179656982422,0.6106505790229169,0.8947016706443914,7.44857878275451
AA816601F313,non_ELL,No,Text dependent,classified,0,human_associated,0.0013643759984920537,578,37,99.7758560180664,0.5571243254406416,0.8592349726775956,7.600787896157988
AABD8099A27D,non_ELL,No,Text dependent,classified,0,human_associated,0.08445032321515955,402,19,85.52577209472656,0.40549139575596965,0.8736043360433604,7.210742328301879
AB31DD5907FA,ELL,Yes,Text dependent,classified,0,human_associated,0.006454135919769753,168,6,131.21839141845703,0.6590239176777167,0.8725714285714286,6.8581088582775225
AB3521A2F1FF,non_ELL,No,Text dependent,classified,0,human_associated,3.148133231317896e-05,597,33,150.3562774658203,0.7465673259018727,0.8826287744227354,7.91560473459716
ABCAF2A8A893,ELL,Yes,Text dependent,classified,0,human_associated,4.063946117398016e-08,265,18,406.0140686035156,0.5809576399055678,0.918326359832636,7.43088323644732
ABF073BD87DD,non_ELL,No,Text dependent,classified,0,human_associated,0.0027570766948474385,578,31,91.90143585205078,0.4460403082220195,0.8540287769784173,7.652181709770699
AC1E6307E966,ELL,Yes,Text dependent,classified,0,human_associated,4.384743043023128e-14,357,19,658.227783203125,0.6300196232273861,0.8795151515151515,7.302745656203789
ACABEA88860C,non_ELL,No,Text dependent,classified,0,human_associated,0.336472178232302,344,25,82.39228820800781,0.5023129080729757,0.904125,7.067708812340842
ACD1EA23FC77,non_ELL,No,Text dependent,classified,0,human_associated,0.00340299372063167,419,21,116.43728637695312,0.48421073637566914,0.8726903553299492,7.5062598169517205
AD140FF3FBAB,non_ELL,No,Text dependent,classified,0,human_associated,0.0005064494054312602,166,20,157.99420166015625,0.7733495770895782,0.8492957746478873,6.6489016311741285
AD17770F7A3D,ELL,Yes,Text dependent,classified,0,human_associated,0.00016379703665907622,348,31,215.61720275878906,0.5094171673001765,0.8929968454258675,7.352384166809888
AD1C26B58541,non_ELL,No,Text dependent,classified,0,human_associated,0.032805543867956574,312,18,106.55626678466797,0.659359707161444,0.9004778156996587,7.1139108569180385
AD34E4ED347B,non_ELL,No,Text dependent,classified,0,human_associated,0.002525635358476286,348,25,159.62203979492188,0.44954492564997295,0.894478527607362,7.450174820494966
AD4CDEA8D87E,ELL,Yes,Text dependent,classified,0,human_associated,0.008051207242279028,279,15,136.7911834716797,0.526693826504689,0.9037499999999999,7.408927563070496
AD7012F5871A,ELL,Yes,Text dependent,classified,0,human_associated,0.0025520775129370746,523,25,177.60061645507812,0.41513377810470786,0.9067203219315896,7.4739239254246295
ADB68BCD2874,ELL,Yes,Text dependent,classified,0,human_associated,0.008924254807027686,208,10,208.9634017944336,0.34493733422221584,0.9045810055865922,6.912156042479402
ADBB29D9E179,ELL,Yes,Text dependent,classified,0,human_associated,3.9927808996431634e-13,193,6,469.3658905029297,1.0361449371338076,0.8,7.073796467507028
ADC3C0B672FA,non_ELL,No,Text dependent,classified,0,human_associated,0.14611187393808017,310,12,73.25061798095703,0.548390546823717,0.8794405594405594,7.015213005490047
AE3C9DE4FA94,ELL,Yes,Text dependent,classified,0,human_associated,0.03631998175114074,163,7,119.18220520019531,0.5872640751569971,0.8429197080291971,6.294799013483722
AE4B0365F36A,ELL,Yes,Text dependent,classified,0,human_associated,0.09537502222717063,225,3,73.31749725341797,0.7557580847789485,0.8893069306930693,6.884439012798643
AE6E407DC359,ELL,Yes,Text dependent,classified,0,human_associated,4.6256318676877855e-08,263,4,200.04295349121094,1.4534480708872404,0.8476494023904383,7.163099107019219
AE8891205D90,non_ELL,No,Text dependent,classified,0,human_associated,0.1671984978443351,429,25,58.379295349121094,0.4233220799109076,0.8995145631067961,7.648535225307637
AEA73706EE2E,ELL,Yes,Text dependent,classified,0,human_associated,6.797923037841043e-05,338,18,205.99646759033203,0.698521885045672,0.9088673139158576,7.543094184253652
AF3D63DA7CB4,non_ELL,No,Text dependent,classified,0,human_associated,0.0006303984526461136,882,37,136.3069610595703,0.4401536702184797,0.8823474178403756,7.905334098011876
AF53D0DD6926,non_ELL,No,Text dependent,classified,0,human_associated,0.031803683806749514,448,25,118.3870849609375,0.33882393288720514,0.9040572792362769,7.627308902924851
AF80EE1F7435,non_ELL,No,Text dependent,classified,0,human_associated,0.07967777961649976,337,21,56.01414489746094,0.5434429556806875,0.8733333333333333,7.3025986896373905
AFBEA4BA2D3C,non_ELL,No,Text dependent,classified,0,human_associated,0.017126005279690278,682,32,74.57951354980469,0.4418667519278441,0.8721221374045801,7.653716279469262
AFCF10293B9A,non_ELL,No,Text dependent,classified,0,human_associated,0.003920663102690507,279,12,172.84141540527344,0.3416522580407253,0.8867716535433071,7.28688709619698
AFD739EDDEA9,ELL,Yes,Text dependent,classified,0,human_associated,5.311781857414351e-06,423,18,279.80059814453125,0.37734097357817253,0.8709511568123394,7.404223455685198
B0B6E65301EB,ELL,Yes,Text dependent,classified,0,human_associated,9.583910989850031e-06,354,26,269.73570251464844,0.4312542717627041,0.875609756097561,7.338445988748835
B0DB49483D7C,ELL,Yes,Text dependent,classified,0,human_associated,9.85944172169959e-07,214,12,317.4221878051758,0.4883605961064069,0.8174736842105264,6.455927250144571
B0E46A7013DB,non_ELL,No,Text dependent,classified,0,human_associated,0.0009616199407222285,553,22,156.8077850341797,0.4184106727340723,0.8687666034155598,7.425297388876999
B0EA4F7B076C,ELL,Yes,Text dependent,classified,0,human_associated,0.00011574285023079304,283,21,190.33787536621094,0.47720935691401034,0.8577952755905511,7.303847522244399
B10E3AABDC7C,ELL,Yes,Text dependent,classified,0,human_associated,0.007967821421561917,362,19,96.74707794189453,0.49645458746054416,0.8647337278106509,7.390079858185218
B1473F247979,ELL,Yes,Text dependent,classified,0,human_associated,4.745899942019095e-09,203,11,397.8396911621094,0.41222433094968036,0.8075862068965517,6.8510019401815505
B181B21A4FA6,non_ELL,No,Text dependent,classified,1,ai_associated,0.6674781886142741,170,7,52.95431137084961,0.5561959580200095,0.8932413793103449,6.8185361209056765
B18781945C73,ELL,Yes,Text dependent,classified,0,human_associated,1.2731949851556665e-07,257,16,325.2661437988281,0.47275223763982593,0.83,7.065141807690662
B1AF3AD74555,non_ELL,No,Text dependent,classified,0,human_associated,0.00542824804627572,478,17,130.03759765625,0.5281928696243552,0.9038949671772429,7.581387765055658
B23941DFCB72,ELL,Yes,Text dependent,classified,0,human_associated,0.2747523585105631,164,7,92.73412322998047,0.5370226003936635,0.8831205673758865,6.671756402523826
B244C8A87C37,non_ELL,No,Text dependent,classified,0,human_associated,7.209195691974028e-05,318,17,213.34361267089844,0.48606782187002856,0.8524745762711865,7.069801294103786
B24EE1A93A0B,ELL,Yes,Text dependent,classified,0,human_associated,0.00675767803067882,415,17,124.36979675292969,0.4172524174991499,0.8921649484536083,7.636808024340636
B295BC411B70,non_ELL,No,Text dependent,classified,0,human_associated,0.008285039612318308,347,10,124.83708953857422,0.5409136930089753,0.8858358662613982,7.26736349907792
B2C131C2B3AB,ELL,Yes,Text dependent,classified,0,human_associated,0.006434851022672252,382,11,72.64021301269531,0.7610498039701531,0.8474651810584958,6.992911137746579
B371C925A2B2,ELL,Yes,Text dependent,classified,0,human_associated,4.6739665224696145e-07,858,12,188.52688598632812,1.0625565533948895,0.894282208588957,8.085124896405317
B37E64E1BE1E,ELL,Yes,Text dependent,classified,0,human_associated,0.00014032936853328586,364,12,165.18262481689453,0.5577190458886363,0.8685207100591716,7.5394826268273105
B3B624F3F792,non_ELL,No,Text dependent,classified,0,human_associated,0.014667020037981189,398,17,104.81424713134766,0.44791910645042393,0.8887935656836461,7.56518652473781
B3C2E6274311,ELL,Yes,Text dependent,classified,0,human_associated,0.05682459255149451,197,4,78.20661544799805,0.6310291631031631,0.8832941176470588,7.113543730893826
B3C35FE7E3B3,non_ELL,No,Text dependent,classified,0,human_associated,0.2861663359355586,532,18,51.66447067260742,0.409882482459775,0.8730332681017613,7.220504130868516
B3F446BF0A11,ELL,Yes,Text dependent,classified,0,human_associated,0.0021579636991879633,336,9,132.77774047851562,0.826944076216954,0.9069255663430421,7.266412824035854
B404C9B45527,ELL,Yes,Text dependent,classified,0,human_associated,0.011765858498789037,449,23,96.60279083251953,0.48749436482543007,0.8948218527315914,7.72174383958374
B4528CE5BB12,non_ELL,No,Text dependent,classified,0,human_associated,0.050289774305600304,177,9,124.35052490234375,0.4556474547548518,0.8802666666666666,6.904231610352751
B45B48157399,ELL,Yes,Text dependent,classified,0,human_associated,0.00014211959413400514,225,9,193.61395263671875,0.5313577284539943,0.8453731343283583,6.947810135828568
B460B20EE678,ELL,Yes,Text dependent,classified,0,human_associated,0.0031884618990643153,306,21,123.9074935913086,0.54004573815537,0.8757971014492754,7.3768679969014395
B471DC1A142D,non_ELL,No,Text dependent,classified,0,human_associated,0.0001375007486651908,300,11,149.77426147460938,0.7499716020781564,0.8687544483985765,7.36779622936949
B4CB3063482A,non_ELL,No,Text dependent,classified,0,human_associated,0.02441710563883478,182,11,150.26604461669922,0.6597263948185648,0.9009655172413793,6.6986254644222845
B4FD96336393,non_ELL,No,Text dependent,classified,0,human_associated,0.0004975573030862931,208,7,150.69822692871094,0.5924887071730931,0.856629213483146,7.169132336615775
B5113469D13C,non_ELL,No,Text dependent,classified,0,human_associated,9.605116582048368e-05,232,8,201.7306365966797,0.6938811465759894,0.8827317073170732,7.160078395997234
B5235448CF1F,non_ELL,No,Text dependent,classified,0,human_associated,0.030830108527894463,513,32,94.50408172607422,0.5598789169127192,0.9236659877800407,7.765073702169195
B5838ACCDBA5,ELL,Yes,Text dependent,classified,0,human_associated,0.05619760921311734,377,21,100.00944519042969,0.5544433311055399,0.8925,7.135807577427553
B5B5BB3CB4EC,non_ELL,No,Text dependent,classified,0,human_associated,0.1455739816068029,360,24,78.09969711303711,0.47012690370464005,0.8784569732937686,7.092218389635524
B5B6FDA75B5E,ELL,Yes,Text dependent,classified,0,human_associated,0.4422552042718972,256,24,108.73232650756836,0.36310070905267344,0.9111111111111111,7.011990427683684
B5CE3C6DAAD9,ELL,Yes,Text dependent,classified,0,human_associated,0.0030406149510175014,584,24,131.62378311157227,0.5006268500481872,0.8937611408199644,7.6181644303883
B64B9CDA1E54,non_ELL,No,Text dependent,classified,0,human_associated,0.0020559308009532877,211,5,60.46309280395508,1.1702088953868952,0.8695287958115183,6.95597068154467
B65873355FA8,non_ELL,No,Text dependent,classified,0,human_associated,0.11348784185101228,331,14,43.67595863342285,0.3613986363546138,0.8351475409836066,7.163071688104453
B6695545FC89,ELL,Yes,Text dependent,classified,0,human_associated,0.0007862218888836164,161,2,185.9467315673828,0.746634489451634,0.8887591240875913,6.811156933203721
B6D6666FEF89,non_ELL,No,Text dependent,classified,0,human_associated,0.008422060517560018,790,32,56.14572334289551,0.5444279281369149,0.8786859395532195,7.937974104182844
B717EF32EE00,ELL,Yes,Text dependent,classified,0,human_associated,0.016646176727739482,171,12,137.43880081176758,0.4113841160581353,0.85,6.703589558819121
B76280E881AE,non_ELL,No,Text dependent,classified,0,human_associated,3.9278935223123376e-05,411,26,252.49856567382812,0.537291897411554,0.9224870466321243,7.632402734946924
B79ABAFC71D1,ELL,Yes,Text dependent,classified,0,human_associated,0.000604747799505934,295,9,125.23238372802734,0.7555548425088643,0.8764835164835165,7.379687305896872
B79D1BD832C1,non_ELL,No,Text dependent,classified,0,human_associated,0.0002531467661349948,421,15,136.57415771484375,0.4618001688867529,0.837860962566845,7.479476320423287
B7AE34990F95,ELL,Yes,Text dependent,classified,0,human_associated,1.1802292413061861e-05,307,9,230.70782470703125,0.5993917172987381,0.8714285714285714,7.363090457762635
B7BB7AA2B5BC,non_ELL,No,Text dependent,classified,1,ai_associated,0.9278658480994523,229,8,59.08858871459961,0.21336362391830263,0.8780392156862745,6.72147869095269
B7C3128E0973,ELL,Yes,Text dependent,classified,0,human_associated,1.2702941580193507e-05,415,23,175.3348388671875,0.7226667738653266,0.8469211195928753,7.41188705744034
B7E9862AA0E0,non_ELL,No,Text dependent,classified,0,human_associated,0.04343534253837921,512,21,66.788818359375,0.3657692740563614,0.8671698113207548,7.581468485958212
B81FEF759FD2,ELL,Yes,Text dependent,classified,0,human_associated,0.00041587934129177345,432,26,182.79763793945312,0.5198157603477023,0.8630331753554502,7.070227758889656
B859B86268ED,ELL,Yes,Text dependent,classified,0,human_associated,0.0008726643710364922,359,24,187.10498809814453,0.397346120453602,0.8843636363636364,7.356726870989237
B8748AECBD72,non_ELL,No,Text dependent,classified,0,human_associated,0.0029844173721440144,379,17,114.58919525146484,0.6861567714148485,0.9091525423728813,7.683165177016922
B87D3E1BB6A8,ELL,Yes,Text dependent,classified,0,human_associated,0.004533130853041977,233,14,126.41452026367188,0.6643419373897395,0.8748325358851675,7.020090452937877
B8D9250543E0,ELL,Yes,Text dependent,classified,0,human_associated,2.670657671278925e-08,416,21,404.72784423828125,0.31133863216128926,0.8958375634517767,7.7388221194654365
B90A219BB957,non_ELL,No,Text dependent,classified,0,human_associated,0.007056535144926382,226,12,104.70865631103516,0.720986977845108,0.865,6.9193553373136165
B93581E854BD,ELL,Yes,Text dependent,classified,1,ai_associated,0.7327596848693065,185,4,66.92860412597656,0.503922859440977,0.88925,6.626226112869728
B97A09B22C06,non_ELL,No,Text dependent,classified,0,human_associated,0.019389762752189912,319,33,101.28362274169922,0.4446685310869913,0.8781016949152542,7.396488744955421
B97CDCF8DBAA,non_ELL,No,Text dependent,classified,0,human_associated,0.015417612484979458,579,22,94.2826919555664,0.5100561806825307,0.8708303249097473,7.31317837173974
B9854217BB04,ELL,Yes,Text dependent,classified,0,human_associated,0.004359205235421043,254,8,142.66450119018555,0.6894699516239584,0.8935652173913043,7.054112203437231
B99A12610C04,ELL,Yes,Text dependent,classified,0,human_associated,0.07720168747156447,534,27,90.48600006103516,0.4301249692352069,0.8962183235867447,7.440645972971152
B9D9B02EFC86,ELL,Yes,Text dependent,classified,0,human_associated,0.0013408190221196909,443,21,92.45182037353516,0.5374616707077001,0.843732057416268,7.51331953490958
B9F4BF3DC949,non_ELL,No,Text dependent,classified,0,human_associated,0.004180625015718289,226,8,142.58465576171875,0.3372797795079407,0.8273267326732673,6.813175427609168
BA5056B8C67C,non_ELL,No,Text dependent,classified,0,human_associated,0.031245810179517927,226,6,96.92425537109375,0.4653920842262914,0.8582178217821782,7.017848128379112
BA6AC1A0DD5D,non_ELL,No,Text dependent,classified,0,human_associated,0.00046799248469687565,775,30,105.2335319519043,0.5457950856008124,0.852977303070761,7.735669713872103
BAA77B0FC943,ELL,Yes,Text dependent,classified,0,human_associated,0.010380754667259112,327,13,56.36970520019531,0.7222188034107115,0.8567697594501719,7.257975891841951
BAC14C5693CD,ELL,Yes,Text dependent,classified,0,human_associated,0.10714467110101143,426,14,53.136112213134766,0.5859832893590099,0.8912158808933003,7.42056199427242
BACC53ECC1FB,non_ELL,No,Text dependent,classified,0,human_associated,0.0533425695047577,361,16,80.82765579223633,0.4322925051985596,0.8676557863501484,7.253736681047485
BAF6A144BAAF,ELL,Yes,Text dependent,classified,0,human_associated,0.006132254601855164,544,43,72.32010650634766,0.6259304103096077,0.8877369439071566,7.805484380936078
BB27E087BE9E,non_ELL,No,Text dependent,classified,0,human_associated,0.029987276042678587,410,20,105.1938247680664,0.3484689529432987,0.8762597402597403,7.395551189666733
BBBB5C4705E5,ELL,Yes,Text dependent,classified,0,human_associated,0.0003443964822066221,286,12,203.71702575683594,0.6798175940635615,0.9080478087649403,7.196733994787162
BBDD46456082,non_ELL,No,Text dependent,classified,0,human_associated,0.0007962376782387379,166,10,137.7206268310547,0.49202933801740645,0.8208695652173913,6.90011572407753
BC00D6BD8AEF,ELL,Yes,Text dependent,classified,0,human_associated,6.727711523042127e-06,293,6,237.62250518798828,0.6611713037127972,0.8667175572519084,7.243711750054364
BC100C3DCE76,ELL,Yes,Text dependent,classified,0,human_associated,0.0007458479353530912,376,16,117.72842407226562,0.6411178778906184,0.8681268011527378,7.510836770775461
BC22AA8852AD,ELL,Yes,Text dependent,classified,0,human_associated,0.0003822537875016591,347,13,242.81134033203125,0.33581660041702266,0.899620253164557,7.247808342887075
BC9FF8F01F0A,ELL,Yes,Text dependent,classified,0,human_associated,0.0040709879771547,254,18,117.03900527954102,0.47047018926704653,0.8426200873362445,7.071727515677946
BCEBA1D60DFD,ELL,Yes,Text dependent,classified,0,human_associated,0.005229822545978514,202,4,168.51193237304688,0.5805955002030759,0.9003389830508475,7.009516082571647
BD3AE65B1740,ELL,Yes,Text dependent,classified,0,human_associated,0.0812002198274532,329,12,63.422250747680664,0.5411543854236578,0.8522875816993464,6.93145826980928
BD45F6A61711,ELL,Yes,Text dependent,classified,0,human_associated,1.7975643859065462e-12,233,12,462.62078857421875,0.7842937405513075,0.7906467661691542,7.120587943082701
BD6CCC592409,non_ELL,No,Text dependent,classified,0,human_associated,0.019304055113352276,211,11,145.1076202392578,0.3851600918792336,0.8594708994708995,6.757151359734352
BD784C4B5797,ELL,Yes,Text dependent,classified,0,human_associated,0.03925044056391932,483,22,67.92021369934082,0.42338367100257557,0.8690590809628009,7.513893238053398
BD7F5D94AFED,non_ELL,No,Text dependent,classified,0,human_associated,4.919404815345834e-05,564,40,224.6800537109375,0.4648426792954746,0.9005223880597015,7.727455781163576
BDA93024CF81,ELL,Yes,Text dependent,classified,0,human_associated,3.571638685397971e-05,352,21,241.59510803222656,0.47502483340289786,0.8689024390243902,7.164744360486526
BDAAE2AE7BA8,ELL,Yes,Text dependent,classified,0,human_associated,0.0010333457701949345,218,11,219.9946746826172,0.3741618379279408,0.8932642487046633,7.106651997705071
BE12A65C8E78,non_ELL,No,Text dependent,classified,0,human_associated,0.0054598390357662304,306,20,136.84071350097656,0.2698886634404191,0.8385964912280702,7.090494383583163
BE134CD245B0,ELL,Yes,Text dependent,classified,0,human_associated,0.043549035129320256,234,12,91.91689682006836,0.494193202305445,0.8777142857142857,7.202774595994081
BE2DEC1820C6,ELL,Yes,Text dependent,classified,0,human_associated,5.701674620871923e-05,310,20,190.3252716064453,0.40987667986267406,0.839020979020979,7.345215716568958
BE8F32C4B3BA,non_ELL,No,Text dependent,classified,0,human_associated,0.0033298784490434085,349,19,125.47081756591797,0.48726146997498443,0.8759878419452888,7.448450533054576
BF070C66EE96,ELL,Yes,Text dependent,classified,0,human_associated,2.4545195356139847e-05,538,16,125.19197463989258,0.7736176310510073,0.859961759082218,7.903100830089195
BF08EB9EBE3D,non_ELL,No,Text dependent,classified,0,human_associated,0.004572175529149888,210,10,199.4114532470703,0.5963447559252973,0.9093048128342246,6.785246003955879
BF5253224A44,non_ELL,No,Text dependent,classified,0,human_associated,0.18131537849049809,381,16,56.881113052368164,0.5383445131278063,0.8968715083798883,7.393566883899316
BFAA8D19FFA9,non_ELL,No,Text dependent,classified,0,human_associated,0.00037475171966989935,644,33,115.37212371826172,0.5964557330127346,0.8655194805194806,7.752229271548211
BFCB0275C205,ELL,Yes,Text dependent,classified,0,human_associated,0.0614398544699288,346,12,73.77088928222656,0.5129499966031142,0.8972523961661342,7.551221543058435
C01FA8D18879,non_ELL,No,Text dependent,classified,0,human_associated,0.0008517805421621704,375,12,130.62084197998047,0.49678482133760676,0.8453333333333334,7.288262884392497
C035045D2327,non_ELL,No,Text dependent,classified,0,human_associated,0.045526191216856894,605,29,59.3129997253418,0.5761848657801035,0.8867461669505963,7.5326661403125605
C071B9B1C08F,non_ELL,No,Text dependent,classified,0,human_associated,0.0317347216038704,206,10,118.93569946289062,0.5956711583269668,0.8902732240437159,6.96053511445684
C072AE8A1572,non_ELL,No,Text dependent,classified,0,human_associated,0.00044194888910674407,350,12,124.6475601196289,0.5244877537420842,0.853,7.569220369763661
C0767A86EFA6,ELL,Yes,Text dependent,classified,0,human_associated,0.0012732089705335904,330,27,100.84329986572266,0.39901768240933044,0.8271475409836065,7.460405864628352
C0B83D85BAFD,non_ELL,No,Text dependent,classified,0,human_associated,0.1384185036963357,155,8,125.24273300170898,0.4139032056212611,0.8753846153846154,6.634150683777897
C0F2B90AFCB0,non_ELL,No,Text dependent,classified,0,human_associated,0.006112198101932835,331,20,133.54822540283203,0.4986921280468116,0.9033224755700325,7.559112714591462
C0FE91AC1007,ELL,Yes,Text dependent,classified,0,human_associated,2.328707280277448e-06,309,26,198.33212280273438,0.5417708233192333,0.8016494845360825,7.282194384880689
C133EB596A40,ELL,Yes,Text dependent,classified,0,human_associated,0.006316880696083251,457,16,105.18612289428711,0.45432797512151013,0.8662910798122065,7.450298797930953
C15D43BE8BD6,ELL,Yes,Text dependent,classified,0,human_associated,0.04017791925331089,452,25,60.19110870361328,0.478188812094765,0.8366511627906977,7.053501398874962
C196DA0C7688,ELL,Yes,Text dependent,classified,0,human_associated,0.07704756854371836,222,9,90.30651092529297,0.4910359159237141,0.8757575757575757,7.052478323645754
C1A2E906C72B,non_ELL,No,Text dependent,classified,0,human_associated,0.006845011390515748,183,10,172.403076171875,0.6895334502611503,0.8968944099378882,6.651716084182504
C1B1FC1F48AB,ELL,Yes,Text dependent,classified,0,human_associated,6.70320948693472e-05,191,8,219.28304290771484,0.4177700240483171,0.8364285714285714,6.9277903277473705
C1FBD0BAD43E,ELL,Yes,Text dependent,classified,0,human_associated,0.0004730499007149228,294,13,235.2769775390625,0.3279942030910354,0.8964179104477612,7.252069665329878
C20011D6FA9D,ELL,Yes,Text dependent,classified,0,human_associated,0.02746847249204501,294,12,138.57190704345703,0.35433564108765603,0.8740520446096655,6.9984629587014835
C21E1457C1D4,ELL,Yes,Text dependent,classified,0,human_associated,7.973872234954098e-05,343,13,161.81472778320312,0.55877843621705,0.8304643962848297,7.1955922129810235
C23BD7FF7DD7,non_ELL,No,Text dependent,classified,0,human_associated,2.1207188336715908e-07,221,11,367.0769348144531,0.4083376576147496,0.8585416666666666,6.974140995390948
C270B9B6107C,non_ELL,No,Text dependent,classified,0,human_associated,4.945161343914493e-06,262,8,230.59114837646484,0.625175141668135,0.8389958158995816,7.087536469861411
C321DF7BCA1B,non_ELL,No,Text dependent,classified,0,human_associated,0.05164113593635753,304,14,89.67900848388672,0.3723493529775111,0.8595714285714285,7.1622692226004965
C323ACC08DC7,non_ELL,No,Text dependent,classified,0,human_associated,3.869984698959646e-05,230,8,307.5661163330078,0.41379310344827586,0.9057692307692308,7.012176968509198
C36DCD0FD1AE,non_ELL,No,Text dependent,classified,0,human_associated,0.008157398315751154,232,16,191.96764373779297,0.18333243252760353,0.8662745098039216,6.903496697107682
C3C371CA957E,non_ELL,No,Text dependent,classified,0,human_associated,0.013875868878482404,635,27,98.83487701416016,0.5533054346107611,0.8817880794701987,7.357031576871509
C3D3379F894C,non_ELL,No,Text dependent,classified,0,human_associated,0.002244615287674812,646,31,92.02448272705078,0.426140872811521,0.8692556634304207,7.944926700035787
C3E58C5A8354,ELL,Yes,Text dependent,classified,0,human_associated,5.565422942244345e-11,279,20,461.72154235839844,0.5480854380286022,0.836969696969697,7.360007047259703
C405CB0C12D2,ELL,Yes,Text dependent,classified,0,human_associated,0.01020456418788019,358,14,93.79965591430664,0.4409722253308123,0.8771171171171172,7.633431695536959
C421AAB77B7E,non_ELL,No,Text dependent,classified,0,human_associated,0.026265090578278086,605,32,62.82632637023926,0.5283492128467248,0.8666666666666667,7.446724232447361
C4804C3EEBD7,ELL,Yes,Text dependent,classified,0,human_associated,0.004020914918169175,495,22,95.45946884155273,0.5479443233015047,0.839916142557652,7.139669530346003
C4AE4A806A75,ELL,Yes,Text dependent,classified,0,human_associated,0.2852900037797887,504,25,57.04148864746094,0.34491541901485634,0.8678333333333333,7.209630504248754
C4C6482B9C24,ELL,Yes,Text dependent,classified,0,human_associated,0.0032963476539142594,219,14,147.1477508544922,0.4000944566281446,0.8515463917525773,7.03337948835073
C51A802386C6,ELL,Yes,Text dependent,classified,0,human_associated,0.02575472952456656,256,10,134.63034057617188,0.44669875359447037,0.8903508771929824,7.110773646926555
C5569B2725B4,ELL,Yes,Text dependent,classified,0,human_associated,0.0001606457592875549,343,13,216.7100067138672,0.44898661591579875,0.8905797101449275,7.423253731969377
C5B3EC7CBE65,ELL,Yes,Text dependent,classified,0,human_associated,8.414233011788714e-07,329,10,317.71868896484375,0.5602118892744138,0.8958415841584159,7.425173878502374
C5C81327D129,ELL,Yes,Text dependent,classified,0,human_associated,2.095832608848564e-05,348,23,232.24746704101562,0.5507255167563387,0.8832926829268293,7.456857889275605
C5E79E6868E6,non_ELL,No,Text dependent,classified,0,human_associated,4.216609133705659e-05,380,22,227.12310791015625,0.4524408148468404,0.8701994301994302,7.347568121830568
C5EA69108B25,non_ELL,No,Text dependent,classified,0,human_associated,4.295669066998659e-07,203,15,258.8309631347656,0.7524447696605164,0.8194413407821229,6.862282569381296
C5F0A4F3B583,non_ELL,No,Text dependent,classified,0,human_associated,0.00029540237596066684,367,18,168.37725067138672,0.590899241349049,0.8644247787610619,7.2049225602911005
C604BC9A6C25,non_ELL,No,Text dependent,classified,0,human_associated,0.012948229071719452,295,14,76.33908081054688,0.5263068804455607,0.8519117647058824,7.272262578229401
C61F2EABD8DE,non_ELL,No,Text dependent,classified,0,human_associated,0.19042428261380265,212,10,116.06809997558594,0.33184395199297806,0.88,6.859297975179109
C63384FA8876,non_ELL,No,Text dependent,classified,0,human_associated,0.0026026910900999473,569,29,121.11309814453125,0.5366719937824067,0.8931608133086876,7.700658527776562
C65EA0A6DFF7,non_ELL,No,Text dependent,classified,0,human_associated,0.002180667497500553,393,23,110.19010162353516,0.7128691228855661,0.8867379679144385,7.455416707472523
C6CC52B30602,ELL,Yes,Text dependent,classified,0,human_associated,0.001629350060447212,227,12,131.1097412109375,0.4460295190974705,0.8340886699507389,7.065009535422294
C6DFD354330C,non_ELL,No,Text dependent,classified,0,human_associated,0.13447213058004598,276,27,65.70364379882812,0.4794203288175736,0.87424,7.180652998732659
C6E43B28660D,non_ELL,No,Text dependent,classified,0,human_associated,0.008815345084990711,530,24,93.66920852661133,0.4624658693427066,0.8956831683168317,7.883941390097695
C7142A26576B,ELL,Yes,Text dependent,classified,0,human_associated,8.431785606776113e-05,353,21,186.68382263183594,0.5652716378773469,0.8918654434250765,7.723746692889591
C76E52421ACB,non_ELL,No,Text dependent,classified,0,human_associated,0.06922305420614916,463,22,76.74516677856445,0.5511213988556931,0.9098181818181819,7.587041319929734
C782524363A1,non_ELL,No,Text dependent,classified,0,human_associated,0.021524954803385496,933,34,41.60389518737793,0.503235422402511,0.8571177117711771,7.65326600741825
C7AAB0BFFCFE,non_ELL,No,Text dependent,classified,0,human_associated,0.11158410169637063,344,26,80.58199691772461,0.5512103195029376,0.8950632911392405,7.214896876389806
C866BD9DDD68,non_ELL,No,Text dependent,classified,0,human_associated,0.11588050585006768,560,26,71.22089767456055,0.3568524958972892,0.8838805970149254,7.516733944395408
C86C5C69277C,non_ELL,No,Text dependent,classified,0,human_associated,0.003074708417630765,650,32,77.58913803100586,0.40044850820300953,0.8237820512820513,7.460169548171379
C87A10617D8F,ELL,Yes,Text dependent,classified,0,human_associated,0.03281496421863444,355,24,114.63745880126953,0.5058992494523479,0.9148502994011976,7.5007666711732535
C89C280A5E3D,non_ELL,No,Text dependent,classified,0,human_associated,0.0025168126131872026,335,16,80.40844345092773,0.5502730788990272,0.8251132686084143,7.219050117442996
C8B5DFD78D43,ELL,Yes,Text dependent,classified,0,human_associated,0.0007824428555202789,200,12,196.69729614257812,0.45236206994319544,0.8475555555555556,6.672326558152459
C8D4EB858DA4,non_ELL,No,Text dependent,classified,0,human_associated,0.018640465571977564,383,20,134.94174194335938,0.4837939042080309,0.9154696132596685,7.461238517346692
C8F314FFCCE9,ELL,Yes,Text dependent,classified,0,human_associated,0.0015002772631890044,222,4,128.2347869873047,0.35684949738791594,0.7907070707070707,6.6918050963230185
C8FAF305F7C6,non_ELL,No,Text dependent,classified,0,human_associated,4.1639330020098265e-08,202,10,442.4369201660156,0.5902887299216601,0.9137209302325582,6.932337377155745
C91254C19BB8,ELL,Yes,Text dependent,classified,0,human_associated,1.5772379327887356e-07,315,8,217.89313507080078,0.896674680811919,0.7921379310344827,6.932930360418028
C93DCEE52172,ELL,Yes,Text dependent,classified,0,human_associated,0.0030649503088265393,307,16,101.0108413696289,0.5318812379637577,0.8316376306620209,7.060117693590369
C9886768AC9F,ELL,Yes,Text dependent,classified,0,human_associated,0.008039013292371475,292,16,105.2087287902832,0.6707968062613974,0.88,7.178331657629615
C9B23C5B1064,non_ELL,No,Text dependent,classified,0,human_associated,0.19377151612388102,427,16,61.40598678588867,0.2961585261849349,0.8715328467153285,7.424046484357375
C9B54F945C52,non_ELL,No,Text dependent,classified,0,human_associated,0.007188651718945755,306,20,115.10551071166992,0.40126859461099806,0.845985401459854,7.127668226694206
C9D717A3D912,non_ELL,No,Text dependent,classified,0,human_associated,0.0030268616168401814,167,4,283.7672119140625,0.16130952000943632,0.8929496402877698,6.5096943576746495
C9F79E2B45C6,non_ELL,No,Text dependent,classified,0,human_associated,0.0030446394622451033,759,28,79.99831771850586,0.5002446300474894,0.8624687933425798,7.777740257583943
CA96B56226D3,non_ELL,No,Text dependent,classified,0,human_associated,0.040290482696392065,373,15,74.18262481689453,0.4151419722731696,0.8320461095100865,6.947805463521657
CBC776495BE0,non_ELL,No,Text dependent,classified,0,human_associated,0.0005577249465697149,796,38,81.86393737792969,0.5860567201178257,0.8499869281045752,7.842802666297887
CC3A5AD37340,ELL,Yes,Text dependent,classified,0,human_associated,0.0170205124785386,322,12,84.24457931518555,0.6365181611772924,0.8814915254237288,7.314360282282202
CC5894978F31,non_ELL,No,Text dependent,classified,0,human_associated,0.010280914634797212,628,27,79.86271667480469,0.43656081323274126,0.8837333333333334,7.887698552543185
CCD30CE1E903,non_ELL,No,Text dependent,classified,0,human_associated,0.001357295558810361,429,19,118.74286651611328,0.6176213687441621,0.9008955223880597,7.842511157368812
CCD4A267FA68,ELL,Yes,Text dependent,classified,0,human_associated,0.012031204793355366,274,12,117.5643539428711,0.5678751162901851,0.8805000000000001,7.135619096823572
CCE722F17666,ELL,Yes,Text dependent,classified,0,human_associated,1.7375570757443907e-05,193,5,267.4689636230469,0.5593079520766205,0.8592857142857143,6.760901728937068
CD53C96A70EB,ELL,Yes,Text dependent,classified,0,human_associated,0.18313884352898097,165,9,122.9131088256836,0.4548408570423057,0.8592805755395684,6.284708317656904
CD5876BAE9C1,non_ELL,No,Text dependent,classified,0,human_associated,0.00011935282473326266,318,17,197.78384399414062,0.4436240721890342,0.8592387543252595,7.293544206740789
CD60AD20D71B,ELL,Yes,Text dependent,classified,0,human_associated,0.0005299655109699132,385,16,152.59837341308594,0.7063251973542022,0.8929639889196676,7.416791162116574
CDBECBAD7FCE,ELL,Yes,Text dependent,classified,0,human_associated,0.013819919388649817,205,16,175.10872650146484,0.581489486131993,0.9174857142857142,6.9275045974643605
CDBF3A48F1C9,ELL,Yes,Text dependent,classified,0,human_associated,0.0017973472859502836,323,25,183.02493286132812,0.38634597368435697,0.8905333333333333,7.330884636198865
CDF6072AB1D6,non_ELL,No,Text dependent,classified,0,human_associated,0.001767672638457382,591,32,97.05741119384766,0.4717959937141907,0.8620176991150442,7.7635607191820615
CE33B0E35C38,ELL,Yes,Text dependent,classified,0,human_associated,0.026273496768859886,333,10,131.91012573242188,0.31782372918607676,0.8836482084690553,7.282994440470288
CE47E51746E3,ELL,Yes,Text dependent,classified,0,human_associated,0.007853789678287915,270,8,132.1406593322754,0.6554494378358333,0.8967479674796748,7.135066182091763
CF3FAB1B506C,non_ELL,No,Text dependent,classified,0,human_associated,0.0017478089445760957,379,13,143.7096405029297,0.5742047443286096,0.8964705882352941,7.517689227351079
CF48D9415493,ELL,Yes,Text dependent,classified,0,human_associated,0.005284491598639705,248,12,183.73534393310547,0.44630649702650466,0.9015652173913044,7.098719024874531
CF5B07AFF66D,ELL,Yes,Text dependent,classified,0,human_associated,0.045187532395746306,188,9,118.64715576171875,0.599508491048294,0.8935,6.911098454595745
CF9923CC8D4B,non_ELL,No,Text dependent,classified,0,human_associated,1.1129442372579792e-06,456,35,239.0025634765625,0.6414584158648868,0.8656036446469249,7.687763261813378
CFDA85021846,non_ELL,No,Text dependent,classified,0,human_associated,0.13716761385136492,325,13,127.0587158203125,0.5114002704090259,0.9130897009966777,6.949487187426812
CFE287BA55DB,non_ELL,No,Text dependent,classified,0,human_associated,0.04143861633265568,187,12,93.41382217407227,0.5144780785020114,0.8666666666666667,7.010719794077518
D04FFF579D2D,ELL,Yes,Text dependent,classified,0,human_associated,0.00022428591724613336,248,16,263.59581756591797,0.4727551908450148,0.9153363228699551,7.1036609200404275
D06FFBFCBCE5,non_ELL,No,Text dependent,classified,0,human_associated,1.2520366518523825e-06,290,18,280.4646759033203,0.6401039720044904,0.8667669172932331,7.207536124004532
D0B6CE1FA38E,ELL,Yes,Text dependent,classified,0,human_associated,0.09635942595155778,174,5,112.02882385253906,0.6267749860034101,0.9048648648648648,6.892500040341926
D0DF7AB8B493,ELL,Yes,Text dependent,classified,0,human_associated,0.003510419789538071,286,17,96.16851806640625,0.804162260068168,0.8770992366412214,7.198475585837252
D12165A1A427,non_ELL,No,Text dependent,classified,0,human_associated,0.2962400668722486,166,5,98.43378448486328,0.5265108574324873,0.8822695035460993,6.589283391274049
D1A48B024123,ELL,Yes,Text dependent,classified,0,human_associated,0.02206430850007446,384,14,118.13056945800781,0.43114867011743196,0.885888888888889,7.304314061647744
D1E865DE0A88,ELL,Yes,Text dependent,classified,0,human_associated,0.0024165816471836037,257,11,189.9860382080078,0.3823635995165531,0.8896682464454976,7.175268211219798
D2477622E86A,ELL,Yes,Text dependent,classified,0,human_associated,0.15523417053542035,160,6,100.16271209716797,0.6419278235049866,0.9019259259259259,6.826401766667712
D2BF0D341FEF,ELL,Yes,Text dependent,classified,0,human_associated,0.0007153326004628319,273,10,124.11442947387695,0.7245619917429723,0.8735483870967742,7.368597248500276
D2F390598EE0,ELL,Yes,Text dependent,classified,0,human_associated,0.00046414623893645685,226,11,222.3767852783203,0.45306808003977894,0.885686274509804,7.026263232124616
D2F937C1BF96,ELL,Yes,Text dependent,classified,0,human_associated,0.0009745835330276149,280,9,171.71275329589844,0.48413320701733414,0.888,7.3936896914191035
D32804D6C269,ELL,Yes,Text dependent,classified,0,human_associated,0.0017555314607559911,248,9,192.02142333984375,0.45371122460802327,0.8889090909090909,7.088384187180537
D3326503C1BF,non_ELL,No,Text dependent,classified,0,human_associated,1.2584944228655697e-08,301,29,319.0867004394531,0.6444632252802801,0.8143478260869565,7.169614281834982
D33CD8778DE7,non_ELL,No,Text dependent,classified,0,human_associated,0.0003594579412797907,574,37,151.86553955078125,0.521946652649276,0.8787568555758684,7.666342812844507
D354980E4F07,non_ELL,No,Text dependent,classified,0,human_associated,0.0004976122218291929,219,7,214.11061096191406,0.5547488274327671,0.8789361702127659,6.823643537449985
D3C29EDF49CA,ELL,Yes,Text dependent,classified,0,human_associated,0.0012430168191583778,158,13,160.8291778564453,0.5799614953471349,0.826764705882353,6.447694983884097
D3F5104B809F,ELL,Yes,Text dependent,classified,0,human_associated,0.0004559392213094136,435,16,95.3823471069336,0.6277243006633353,0.8439423076923077,7.5796710319018805
D40B940B5A4D,ELL,Yes,Text dependent,classified,0,human_associated,0.025292395268830654,393,30,125.42816543579102,0.31961722796775693,0.8960217983651226,7.53104451016124
D435D6FB2D3A,non_ELL,No,Text dependent,classified,0,human_associated,8.455465924085219e-05,444,19,233.02342224121094,0.3039089550719944,0.8943540669856459,7.713655686273321
D45032FAE402,ELL,Yes,Text dependent,classified,0,human_associated,0.0005527178216869587,269,13,163.19969177246094,0.7454263681108125,0.8903174603174603,7.1783035146523435
D4CC70CA874A,non_ELL,No,Text dependent,classified,0,human_associated,0.0005870616587084342,178,6,217.32669830322266,0.3859023073712965,0.8661333333333333,6.883953138437625
D4CDA9866F61,non_ELL,No,Text dependent,classified,0,human_associated,0.012984004986680961,426,20,100.09510803222656,0.4062763520376173,0.871536523929471,7.490722267046763
D4F405361BB1,ELL,Yes,Text dependent,classified,0,human_associated,0.0006611191914948405,506,16,147.01309967041016,0.6449409275274752,0.8925164113785558,7.533238916452809
D4F74B3F2A23,ELL,Yes,Text dependent,classified,0,human_associated,0.10707491641564836,188,8,109.29613494873047,0.6975723208794503,0.9019277108433735,6.72436898227077
D582384A4FE6,ELL,Yes,Text dependent,classified,0,human_associated,0.01914118947358739,288,18,124.44932174682617,0.5498560854385478,0.8867175572519084,7.0604993382823045
D5BF9F290808,ELL,Yes,Text dependent,classified,0,human_associated,0.00015371723915789481,283,7,108.751708984375,0.562264182393356,0.7819455252918288,6.970244840439127
D5D1E85B3EC4,ELL,Yes,Text dependent,classified,0,human_associated,4.737885244679204e-06,430,25,268.4729309082031,0.44179002868349543,0.8851645569620253,7.63505464782094
D627DA8BF3CB,ELL,Yes,Text dependent,classified,0,human_associated,0.012234830305977612,508,34,97.89397811889648,0.4290618106705497,0.8751340206185567,7.53728279215226
D67BA770AB5C,ELL,Yes,Text dependent,classified,0,human_associated,0.0009955142969745128,185,8,162.91519165039062,0.480668774773722,0.8546583850931677,7.040870040526766
D67D723785A7,ELL,Yes,Text dependent,classified,0,human_associated,0.07833268995003581,360,14,113.26618957519531,0.4074216521726224,0.9098203592814371,7.405609642219854
D695AD08528F,ELL,Yes,Text dependent,classified,0,human_associated,0.28984873587318405,398,24,55.80160331726074,0.3483052855687492,0.8754010695187165,7.314991129426674
D69B5E55F39D,non_ELL,No,Text dependent,classified,0,human_associated,0.032932909200254455,412,24,78.86271667480469,0.5679353771508072,0.8904392764857881,7.458706182332997
D6CB8B37F0C0,ELL,Yes,Text dependent,classified,0,human_associated,8.861781303392429e-05,211,5,178.07786560058594,1.045857656376166,0.9022459893048128,7.064390782391515
D6E3D605C3E7,ELL,Yes,Text dependent,classified,0,human_associated,1.0285975873109501e-07,241,20,415.17210388183594,0.49495543607322773,0.8918660287081339,6.899258791031094
D770021B732F,non_ELL,No,Text dependent,classified,0,human_associated,0.2656283130241616,374,20,87.24113845825195,0.37723538073376606,0.9235327635327636,7.589803007903705
D77794179080,ELL,Yes,Text dependent,classified,0,human_associated,0.013665879661467645,226,16,127.39191055297852,0.41437195137507266,0.8476381909547739,6.828611650620433
D786FC589E93,non_ELL,No,Text dependent,classified,0,human_associated,0.00045827348914494453,327,21,148.2950897216797,0.537964779339049,0.8580132450331126,7.3357743597714515
D7DB410BA8DD,non_ELL,No,Text dependent,classified,0,human_associated,0.2864594248069275,245,6,43.569411277770996,0.2551658166043189,0.8275,6.977503227258194
D7E3E2DE0F87,ELL,Yes,Text dependent,classified,0,human_associated,8.584074434209094e-08,352,10,317.5308380126953,0.7304845527154081,0.8775535168195718,7.420830339291153
D838758E1C18,ELL,Yes,Text dependent,classified,0,human_associated,0.03982567902660572,305,14,110.83058166503906,0.3952410412256991,0.8480281690140845,6.7896286704149516
D84737B6CDEB,ELL,Yes,Text dependent,classified,0,human_associated,0.013715632200577593,234,7,89.7663345336914,0.9065727500866315,0.8687619047619047,6.634116184319445
D85690C1836A,ELL,Yes,Text dependent,classified,0,human_associated,0.004127941651131207,464,8,103.9644546508789,0.41089551551240394,0.8781735159817352,7.8101390936623
D8E67D87842A,non_ELL,No,Text dependent,classified,0,human_associated,0.0014369058714564344,215,17,156.23928833007812,0.4769248865321352,0.8372340425531914,6.79676193152512
D9A50E9D3E5A,non_ELL,No,Text dependent,classified,0,human_associated,6.248803872611283e-07,230,12,229.02931213378906,0.7874422539568988,0.8128155339805825,6.953969799796566
D9CBC711CDF0,non_ELL,No,Text dependent,classified,0,human_associated,0.011164923208784662,313,24,126.77632522583008,0.3821513224425662,0.856885813148789,7.0707118581554385
D9CDAB6D5F18,non_ELL,No,Text dependent,classified,0,human_associated,0.1502225945349079,218,10,130.13399124145508,0.41470866716784904,0.9245833333333333,7.2234338562399865
D9E20EC397C6,ELL,Yes,Text dependent,classified,0,human_associated,0.0019990717595125304,312,11,157.37191772460938,0.6727644651777119,0.912108843537415,7.361170627372664
DA6BC6194FFF,non_ELL,No,Text dependent,classified,0,human_associated,0.01953935046721023,234,14,114.70276641845703,0.5882352941176471,0.875,6.9356209649393294
DA9ABB175343,non_ELL,No,Text dependent,classified,0,human_associated,0.0012926148478790028,283,10,167.6416778564453,0.6526323098354115,0.9040625,7.2788501762271425
DAAE254A0B5C,non_ELL,No,Text dependent,classified,1,ai_associated,0.9240353996254747,161,5,64.72625732421875,0.41746801276786294,0.8885294117647059,6.437672166000868
DB0E754610DB,ELL,Yes,Text dependent,classified,0,human_associated,0.00044818009216695816,360,20,101.31219100952148,0.33689987654662684,0.8137278106508876,7.641663735158801
DB1F750E70E1,ELL,Yes,Text dependent,classified,0,human_associated,0.0001434309577919026,193,7,162.3946075439453,0.7837313118799718,0.8613953488372093,7.052105060383338
DB3351F815E2,non_ELL,No,Text dependent,classified,0,human_associated,0.07598147037395198,517,24,82.4993782043457,0.35544987203266,0.8835102040816326,7.500094401780917
DB52CCD25A19,non_ELL,No,Text dependent,classified,0,human_associated,0.016446642984303126,467,12,58.7180118560791,0.605791584545808,0.8713513513513513,7.530790433979576
DB58FD0171CD,ELL,Yes,Text dependent,classified,0,human_associated,0.31972899784695363,196,9,131.17359924316406,0.3472668766695437,0.9153488372093024,6.972008009567911
DBCF8BAE6583,ELL,Yes,Text dependent,classified,1,ai_associated,0.5499300734064555,245,10,109.07417678833008,0.3102951444220562,0.9265158371040724,7.209715143180736
DC1F229E25E4,non_ELL,No,Text dependent,classified,0,human_associated,0.00014390867869542282,226,13,267.784423828125,0.5000619264068957,0.9250251256281407,7.2458665596477
DC4E11A259D8,ELL,Yes,Text dependent,classified,0,human_associated,0.007239699316648071,539,22,107.9899673461914,0.45721611829840714,0.8945525291828794,7.764328323383203
DC59B3A9D4A2,non_ELL,No,Text dependent,classified,0,human_associated,1.0104381728590076e-05,451,19,270.4009704589844,0.5339458303175841,0.8700244498777506,7.052688793832825
DC66147D4EFD,ELL,Yes,Text dependent,classified,0,human_associated,0.018890938103158155,185,4,126.0911636352539,0.5557635396739518,0.8754491017964072,6.880929429668122
DC834BD755DD,non_ELL,No,Text dependent,classified,0,human_associated,0.0021097851691143183,381,20,127.54742813110352,0.6697754410268242,0.893953488372093,7.44443062071879
DCAE8E42E1FA,non_ELL,No,Text dependent,classified,0,human_associated,0.00018207673856963596,636,27,171.4027099609375,0.5308320713517405,0.8882182985553773,7.723129764810757
DD0CD2B6F7CB,ELL,Yes,Text dependent,classified,0,human_associated,0.00015506777324754092,338,21,196.02162170410156,0.5448430003119701,0.8806410256410256,7.354341523180311
DD3F7252F887,ELL,Yes,Text dependent,classified,0,human_associated,0.0008066482342590878,358,14,81.73689270019531,0.9208892001595909,0.8562874251497006,7.222679777224542
DD627EE5CB27,ELL,Yes,Text dependent,classified,0,human_associated,0.0025690392652407746,255,9,112.12223815917969,0.8209202364432712,0.8742857142857143,7.0248240234600905
DD815F136494,non_ELL,No,Text dependent,classified,0,human_associated,0.19874641856841077,357,19,82.48978424072266,0.4321743761006947,0.8861261261261262,7.125262259824809
DDA2A181F486,ELL,Yes,Text dependent,classified,0,human_associated,0.00279527151928659,247,6,158.44632720947266,0.5844619004715748,0.8963963963963965,7.216073797206617
DE2E4AFB2721,non_ELL,No,Text dependent,classified,0,human_associated,0.00244183766652263,478,24,84.91716384887695,0.6050544937185816,0.8513258426966293,7.431054503141675
DE842CB71C02,ELL,Yes,Text dependent,classified,0,human_associated,0.004035080010975144,225,10,121.98538208007812,0.7244197859183522,0.8673170731707317,6.8857373687835155
DEDA58EE593E,non_ELL,No,Text dependent,classified,0,human_associated,0.0018597455536535723,187,6,238.64657592773438,0.28266433374625755,0.8834567901234568,6.787091665152201
DF082C5AC45E,non_ELL,No,Text dependent,classified,0,human_associated,0.009669782913949203,340,10,73.11658096313477,0.5464699423018718,0.8553054662379421,7.389751861774126
DF44B7B148CC,ELL,Yes,Text dependent,classified,0,human_associated,0.00011136894985454613,421,22,209.79798126220703,0.5701157891477546,0.8945077720207254,7.421018509586124
DF4E1B5910B6,ELL,Yes,Text dependent,classified,0,human_associated,0.13145297488590393,200,10,133.15786361694336,0.40358695963603725,0.9065909090909091,7.002680950296051
DFB0362070E2,ELL,Yes,Text dependent,classified,0,human_associated,0.005431138872055925,435,23,70.4931869506836,0.43316292565718406,0.8334474327628362,7.472559219426643
DFB8926469DE,ELL,Yes,Text dependent,classified,0,human_associated,0.0015525238283586392,170,5,272.0668029785156,0.4710362168860022,0.9420289855072463,6.9022240209179975
DFD135E81E40,non_ELL,No,Text dependent,classified,0,human_associated,0.0029047104709759267,308,10,159.71595001220703,0.7032910268448663,0.9006228373702422,7.030738405375786
DFD34931CE5D,ELL,Yes,Text dependent,classified,0,human_associated,3.096622818057614e-07,236,14,365.1802520751953,0.5758885232084089,0.8895774647887325,7.0168134417948504
DFE2D3C4E33C,non_ELL,No,Text dependent,classified,0,human_associated,0.0023072672095965237,336,26,170.10125732421875,0.4016988146811775,0.8770700636942675,7.204828540379659
DFF14B9DA264,non_ELL,No,Text dependent,classified,0,human_associated,0.06515979710703093,702,31,105.47359466552734,0.39853786248519174,0.8934918276374443,7.336426032825134
E041666F7311,ELL,Yes,Text dependent,classified,0,human_associated,0.09771259565987646,206,11,95.36759185791016,0.4260350619098199,0.8700552486187846,6.973935889177883
E04E83CEF5DA,ELL,Yes,Text dependent,classified,0,human_associated,4.780472554053051e-05,371,15,236.29470825195312,0.43056680929460955,0.886217008797654,7.471341427582831
E06BC5C80780,ELL,Yes,Text dependent,classified,1,ai_associated,0.6697373414739253,180,10,94.60183334350586,0.3459600885465873,0.8938562091503268,6.740057766386546
E0A3FC64B7D3,non_ELL,No,Text dependent,classified,0,human_associated,0.0022731258655710705,492,27,70.58084106445312,0.5854438996267405,0.8449137931034483,7.559903801435871
E0BC2294DD8B,ELL,Yes,Text dependent,classified,0,human_associated,0.0020240848944918046,329,13,156.17771911621094,0.6425043522879955,0.9139597315436242,7.4526419360961045
E0C57C8B7FFA,non_ELL,No,Text dependent,classified,0,human_associated,0.0009604002407460872,634,21,122.81848907470703,0.6425223545304731,0.9076363636363637,7.926547130034678
E0CF4993483B,ELL,Yes,Text dependent,classified,0,human_associated,6.582404720220789e-07,271,8,217.1482696533203,0.7721724516967606,0.825,7.269890990914577
E0E527C91133,ELL,Yes,Text dependent,classified,0,human_associated,1.3954235535863832e-05,447,23,209.9861602783203,0.6333791877533366,0.8741258741258742,7.531135372974249
E0FAD617D3BF,non_ELL,No,Text dependent,classified,0,human_associated,0.0021761394267505413,852,33,97.22327423095703,0.5496085029595925,0.8729354445797808,7.7160290487053755
E145ABFA72AF,non_ELL,No,Text dependent,classified,0,human_associated,0.037578405281521704,365,14,65.78423309326172,0.42855517232970325,0.8511904761904762,7.296439068383487
E145EE17F740,ELL,Yes,Text dependent,classified,0,human_associated,0.0020676963122009356,364,14,144.16263580322266,0.6094693333923458,0.9043529411764706,7.513765344468164
E1592175B4A3,non_ELL,No,Text dependent,classified,0,human_associated,0.09808447227789968,245,11,93.45106506347656,0.4073601635494869,0.8489867841409692,6.742354419801392
E1BFD7E344FA,ELL,Yes,Text dependent,classified,0,human_associated,9.690250749167229e-05,235,22,241.3992919921875,0.3681585978838478,0.844739336492891,6.791899370287459
E1FA876D6E6C,non_ELL,No,Text dependent,classified,0,human_associated,0.0017439281173518527,417,18,112.97109603881836,0.4204808925857271,0.8380512820512821,7.354993563193193
E22EDA0278ED,ELL,Yes,Text dependent,classified,0,human_associated,7.460487750236665e-07,306,11,276.7745361328125,0.6215562564489203,0.8592753623188406,7.307783702883825
E27F2BAC8CD9,non_ELL,No,Text dependent,classified,0,human_associated,0.08920129854744258,571,32,74.83670043945312,0.3934774409342297,0.9185212569316081,7.950650237106579
E2A07EFFFA7E,ELL,Yes,Text dependent,classified,0,human_associated,0.0002686247271245475,271,13,174.52114868164062,0.5862727202244181,0.87504,7.311447686767854
E2A9D1243AF9,ELL,Yes,Text dependent,classified,0,human_associated,0.0001441657137857949,422,28,126.14137268066406,0.561130604533912,0.8421319796954315,7.609936698640075
E313B4A45475,ELL,Yes,Text dependent,classified,0,human_associated,0.19559681825789252,208,6,83.25191879272461,0.6428122176575451,0.9018378378378379,6.946947022679882
E42790E7177D,ELL,Yes,Text dependent,classified,0,human_associated,0.02846997043853391,293,9,78.62741088867188,0.5863344615526548,0.8693233082706767,7.176715597613022
E45CEA133E14,non_ELL,No,Text dependent,classified,0,human_associated,0.00036551197400154815,905,51,128.1868438720703,0.43603148600774627,0.8666666666666667,7.9244698769503925
E4824CBFEEBD,ELL,Yes,Text dependent,classified,0,human_associated,0.005050398786141742,212,8,156.76232147216797,0.5609453285242147,0.8568085106382979,6.595074294303111
E49CCE901992,ELL,Yes,Text dependent,classified,0,human_associated,1.2131713479183216e-06,224,5,287.75018310546875,0.9835239567781956,0.907070707070707,7.0479866911112445
E4DE038BAF14,ELL,Yes,Text dependent,classified,0,human_associated,0.0009242657107255503,280,12,152.38583374023438,0.6697824529821755,0.870197628458498,7.041113096424471
E4E9CB27B89F,ELL,Yes,Text dependent,classified,0,human_associated,0.022156944122409525,406,25,148.3418426513672,0.2738250728721033,0.8895039164490862,7.300150558251373
E4EA4EAB3679,ELL,Yes,Text dependent,classified,0,human_associated,0.0018667905631618805,303,14,134.51726531982422,0.5247291970500321,0.8816901408450705,7.4958578209137885
E52E56670B24,non_ELL,No,Text dependent,classified,0,human_associated,0.16324916720220656,199,4,81.1738052368164,0.5424659290280416,0.874413407821229,6.8359683362257275
E53A89E4CAB5,non_ELL,No,Text dependent,classified,0,human_associated,4.345456289243546e-05,473,32,204.29281616210938,0.48953568360874766,0.8628828828828828,7.43099402846504
E54ADC068CF3,non_ELL,No,Text dependent,classified,1,ai_associated,0.5923098606206176,234,13,60.8191032409668,0.3475480452837029,0.861611374407583,6.7624411841943
E56E7793EBF4,non_ELL,No,Text dependent,classified,0,human_associated,0.00028756950933177066,212,7,123.46533203125,0.878528248434676,0.8016931216931217,6.33648156471266
E570BB4A5B5B,non_ELL,No,Text dependent,classified,0,human_associated,1.1157323533777137e-06,181,5,410.15447998046875,0.26638686326532246,0.8891139240506329,6.759060377250511
E5B076EB95A7,non_ELL,No,Text dependent,classified,0,human_associated,0.0002673651978189929,330,19,177.97897338867188,0.575892271905241,0.8699003322259137,7.222605161661155
E5F2EB5BF440,ELL,Yes,Text dependent,classified,0,human_associated,0.007443114118039176,179,13,138.3898468017578,0.4556741038164105,0.8425974025974026,6.708859872179764
E5F4C8EB99A4,ELL,Yes,Text dependent,classified,0,human_associated,7.818774714771644e-11,204,10,564.3290405273438,0.28508369638246267,0.8589830508474576,6.898829569774807
E60843A92A3A,non_ELL,No,Text dependent,classified,0,human_associated,0.0227336677624486,250,6,108.37979125976562,0.6686041425925685,0.8981333333333333,7.136207883673254
E60A91172B20,ELL,Yes,Text dependent,classified,0,human_associated,5.355147303821316e-05,244,22,231.31809997558594,0.3687101237255862,0.8339170506912442,6.902403133550991
E60EB5C35194,ELL,Yes,Text dependent,classified,0,human_associated,0.4568867647274345,249,8,118.15441131591797,0.2622596133871139,0.9207017543859649,7.207229935397758
E6316CAED236,ELL,Yes,Text dependent,classified,1,ai_associated,0.5076746081697189,170,10,106.33880233764648,0.48952751527224364,0.9081081081081082,6.701137747928164
E6703AC671D7,non_ELL,No,Text dependent,classified,0,human_associated,0.06754576489371975,290,22,103.54983520507812,0.3675126766493911,0.9030075187969925,7.535528191890133
E6B00E088C29,ELL,Yes,Text dependent,classified,0,human_associated,0.37635658090496604,212,9,83.40596771240234,0.5192404070606406,0.921304347826087,7.21638272823569
E6C2FD3578B3,non_ELL,No,Text dependent,classified,0,human_associated,0.05399469612020557,610,37,54.768707275390625,0.4183111840887432,0.8498471986417657,7.329344414164763
E6F8E5374615,non_ELL,No,Text dependent,classified,0,human_associated,3.5275344709158126e-05,391,21,224.9812469482422,0.5028899493863003,0.879349593495935,7.446836748124135
E6FA8C74E0A2,ELL,Yes,Text dependent,classified,0,human_associated,0.00020323776731157012,431,19,160.33590698242188,0.5845552922428056,0.8945,7.808175764928834
E721598E54AB,non_ELL,No,Text dependent,classified,0,human_associated,1.899043974269248e-05,471,27,197.5331268310547,0.6308991935961044,0.8855203619909502,7.756780936524493
E75466C9E022,non_ELL,No,Text dependent,classified,0,human_associated,0.0018584802973962528,488,23,55.46180725097656,0.518026684201963,0.8137991266375546,7.481298120909435
E757E8BA280F,non_ELL,No,Text dependent,classified,0,human_associated,0.0074152732452611595,723,23,46.90180206298828,0.5527886432361913,0.872372634643377,7.972676658379319
E7B129074AC0,non_ELL,No,Text dependent,classified,0,human_associated,0.43966682896234693,204,12,67.25338745117188,0.45304454617701617,0.878659217877095,6.877161203479627
E7E236D1E209,non_ELL,No,Text dependent,classified,0,human_associated,0.01211760343906012,461,22,66.82503890991211,0.5177318843578294,0.8511670480549199,7.4021150307039605
E7E9F568417F,ELL,Yes,Text dependent,classified,0,human_associated,0.0005609414906532289,285,18,189.7597427368164,0.616619515175338,0.8961832061068702,7.191012947738901
E7F369EC8050,non_ELL,No,Text dependent,classified,0,human_associated,0.012360224498489015,186,15,88.26476287841797,0.52424404277308,0.82875,6.837205758908403
E85BD864C51A,non_ELL,No,Text dependent,classified,1,ai_associated,0.7532153249915003,286,9,53.092586517333984,0.23956445929684683,0.8726153846153846,7.017908296061884
E87349310E4B,non_ELL,No,Text dependent,classified,0,human_associated,0.1467383136510716,471,20,58.19716453552246,0.49207722247136376,0.880178970917226,7.298447440540899
E8DD7458130E,ELL,Yes,Text dependent,classified,0,human_associated,0.001515892718200131,479,25,148.72727966308594,0.5077619435268114,0.9001793721973094,7.66854548625471
E8E05CC3AF1C,non_ELL,No,Text dependent,classified,0,human_associated,0.007428551055199907,318,18,144.62899780273438,0.41896669108091883,0.894896551724138,7.41800713850017
E90C38838F04,ELL,Yes,Text dependent,classified,0,human_associated,0.003685646175706017,267,19,164.97665405273438,0.40357627653544603,0.8501666666666666,6.778844046569335
E90D33CC0FD9,ELL,Yes,Text dependent,classified,0,human_associated,0.00047524111277794773,433,9,160.73863220214844,0.5363698612633234,0.8873253012048192,7.587721272186389
E934DAA3C0BF,non_ELL,No,Text dependent,classified,0,human_associated,0.012576014972351224,566,32,108.43292236328125,0.4288280363683225,0.8951210428305401,7.6834841451420735
E952D18A70D7,non_ELL,No,Text dependent,classified,0,human_associated,0.025124453135858645,730,25,51.38409423828125,0.39563437926330147,0.8664011379800853,7.8285569523203025
E95AB85A047A,non_ELL,No,Text dependent,classified,0,human_associated,0.13648647841293765,441,29,65.5337142944336,0.6023451643731285,0.9054892601431981,7.377005480689697
E97670F90297,ELL,Yes,Text dependent,classified,0,human_associated,2.7474856878918774e-05,311,9,182.80836486816406,0.7368611597111866,0.848,7.127691673477031
E9C3211DC772,ELL,Yes,Text dependent,classified,0,human_associated,0.0004637119585465083,202,11,211.85220336914062,0.6508611474888172,0.8813953488372093,6.722711130576895
EA26983BDF60,non_ELL,No,Text dependent,classified,0,human_associated,0.18577221365558005,226,16,65.82391357421875,0.6367559105878923,0.8905050505050505,7.016908803549385
EA2BAEFCE4F2,ELL,Yes,Text dependent,classified,0,human_associated,0.014166456597955367,152,5,170.52471923828125,0.5262351238066388,0.8846875,6.628874275634285
EA4763734037,ELL,Yes,Text dependent,classified,0,human_associated,0.003213487964607049,349,24,169.59911346435547,0.35317644423830974,0.8869135802469136,7.352963893552887
EA4E3BF4AC69,non_ELL,No,Text dependent,classified,0,human_associated,0.0001612891918046876,246,21,196.6046142578125,0.5352919399525344,0.8454545454545455,6.8769319342704485
EA4E657091C9,non_ELL,No,Text dependent,classified,0,human_associated,0.0010738126115848409,301,22,117.20255661010742,0.7841357985335176,0.8751943462897527,7.260399095633036
EA4FBE20E2D2,non_ELL,No,Text dependent,classified,0,human_associated,0.036350142534305296,364,26,60.11962699890137,0.4156676281817775,0.8363953488372093,7.19146631796901
EA9FCAE3C575,ELL,Yes,Text dependent,classified,0,human_associated,0.0034855826485689005,285,6,170.99908447265625,0.4333407939812495,0.9036862745098039,7.397676784860536
EAC3A4000B11,ELL,Yes,Text dependent,classified,0,human_associated,0.013898219244049461,340,14,133.56134796142578,0.3730312392499384,0.9014012738853503,7.5623653304596825
EAD6198B5EB4,non_ELL,No,Text dependent,classified,0,human_associated,0.019846004142141483,536,26,99.71187210083008,0.3536890209607352,0.878359375,7.579756165475982
EAF6BCA737BD,non_ELL,No,Text dependent,classified,0,human_associated,0.00017317275807103984,229,11,207.58121490478516,0.5026592145658461,0.8532038834951456,6.900831253710025
EB10F93974CA,ELL,Yes,Text dependent,classified,0,human_associated,1.4288995804035244e-08,219,10,439.54063415527344,0.4606850612116512,0.8804188481675392,7.01158836193946
EB3398FD0FF5,non_ELL,No,Text dependent,classified,0,human_associated,0.010445938791230817,474,17,113.33733367919922,0.36850456401140974,0.8829464285714286,7.619200137870038
EB382D12574F,ELL,Yes,Text dependent,classified,0,human_associated,3.1796375020702075e-07,325,19,311.27606201171875,0.5918455982290263,0.8691289198606272,7.313528505564654
EB3EBF4BB344,non_ELL,No,Text dependent,classified,0,human_associated,0.003940242534665116,263,17,192.9850616455078,0.31344615617666916,0.8766386554621849,6.971508044956615
EB75B595A8E1,non_ELL,No,Text dependent,classified,0,human_associated,0.05343317650286369,270,18,124.86652374267578,0.3655186919371624,0.9017886178861789,7.341836405904362
EB935594E696,ELL,Yes,Text dependent,classified,0,human_associated,0.0006148059708990173,386,13,112.30668640136719,0.4939153300827323,0.8072222222222222,7.061984790776125
EBE2C60113FA,ELL,Yes,Text dependent,classified,0,human_associated,6.810089835507183e-06,331,25,256.9432678222656,0.446596693588342,0.8219354838709677,6.807992590443576
EC7C81E59E9E,ELL,Yes,Text dependent,classified,0,human_associated,0.0033892520674037234,387,20,111.1258773803711,0.6567967590094428,0.8364738292011019,6.756416439479788
EC9EFB9993D4,ELL,Yes,Text dependent,classified,0,human_associated,0.0011336975068235579,412,15,173.65443420410156,0.7373085525560465,0.9184741144414169,7.282728308826165
ECAAD9CD08F3,ELL,Yes,Text dependent,classified,0,human_associated,2.7300653782145156e-07,427,8,321.6485595703125,0.47741408311571976,0.8705940594059406,7.464044689146913
ECBACB8EABB8,non_ELL,No,Text dependent,classified,0,human_associated,0.0005127003586507758,494,26,95.7390251159668,0.7808001574417185,0.8793859649122807,7.747128812739892
ECCCC0434135,non_ELL,No,Text dependent,classified,0,human_associated,0.33645795228508923,325,13,48.832637786865234,0.33698149174050096,0.8548344370860927,7.082080279217373
ECF8296772E9,non_ELL,No,Text dependent,classified,0,human_associated,0.002754177614368095,180,4,236.37432861328125,0.2961069528536456,0.8962666666666667,6.866455109439459
ECFBEE2C79D7,non_ELL,No,Text dependent,classified,0,human_associated,0.0015775740106765582,593,30,110.58099365234375,0.46520504197594,0.8742355008787346,7.81649845984868
ECFCAAECAD31,ELL,Yes,Text dependent,classified,0,human_associated,0.005047734177328427,235,9,117.91041564941406,0.40030958411076506,0.8285427135678392,6.946983110421275
ED42630A9FFF,non_ELL,No,Text dependent,classified,0,human_associated,1.5290531103657507e-09,155,8,549.2180786132812,0.35261742473883845,0.8977443609022556,6.748386593792921
ED6B6A38F98D,non_ELL,No,Text dependent,classified,0,human_associated,0.00017319716073394532,289,15,185.54794311523438,0.5204334997750687,0.8620689655172414,7.238348809060912
ED8EE1F02203,ELL,Yes,Text dependent,classified,0,human_associated,9.065365460814238e-08,338,16,320.9045867919922,0.37823117736301404,0.8105466237942123,7.106883310335739
EDAF3096F6D6,ELL,Yes,Text dependent,classified,0,human_associated,0.018983962363307905,316,17,129.27381896972656,0.4292627169295589,0.8949333333333334,7.342006270878131
EDC33C554B30,non_ELL,No,Text dependent,classified,0,human_associated,0.010577850100774767,423,29,129.73974609375,0.382425629915532,0.8915288220551378,7.521360687235017
EDD12BA31EE3,ELL,Yes,Text dependent,classified,0,human_associated,1.2309249020345414e-07,390,27,319.32537841796875,0.5047429533280552,0.8783379501385041,7.739503579395817
EE03F24377D0,ELL,Yes,Text dependent,classified,0,human_associated,0.005485196836831213,308,19,142.3482208251953,0.6722390471364824,0.9064748201438849,7.208866036043378
EE377D38C330,ELL,Yes,Text dependent,classified,0,human_associated,0.0004376795016061452,450,23,163.1317596435547,0.541672494141147,0.8906352941176471,7.615944749375483
EE5D005B6E0C,ELL,Yes,Text dependent,classified,0,human_associated,7.385082691677455e-05,347,14,234.25939178466797,0.4076557966834425,0.8706461538461538,7.218749431218017
EEC492D89CEB,non_ELL,No,Text dependent,classified,0,human_associated,1.1878022392798918e-05,331,11,221.0995330810547,0.604526801296644,0.8569426751592357,7.263820439992849
EEE5DB1D5F12,non_ELL,No,Text dependent,classified,0,human_associated,0.2336580950239605,397,18,94.50069808959961,0.3088735707548695,0.8952278820375336,7.290032527993319
EF08234FA6BE,non_ELL,No,Text dependent,classified,0,human_associated,0.008415230003369112,189,9,197.90090942382812,0.5018447850231122,0.9130538922155689,6.877979272865921
EF4A8295E857,ELL,Yes,Text dependent,classified,0,human_associated,0.000381883052821251,173,14,229.7327880859375,0.4288402748833962,0.8475675675675676,6.516411745709302
EF95EB438D43,non_ELL,No,Text dependent,classified,0,human_associated,0.0005333555987106831,560,50,148.59571838378906,0.4502213302728677,0.8835074626865672,7.804066227829209
EFA46BC5A89A,non_ELL,No,Text dependent,classified,0,human_associated,0.00011471294555218784,278,15,241.1600341796875,0.5712645947215685,0.9049802371541502,7.198802116277035
EFB450A2F170,non_ELL,No,Text dependent,classified,0,human_associated,0.00013191047129205928,425,27,145.8774871826172,0.4383546971691355,0.8225822784810126,7.368256142549104
EFDCB3F37DEB,non_ELL,No,Text dependent,classified,1,ai_associated,0.7406125433169349,274,16,77.29106521606445,0.3924398499294792,0.9075697211155378,6.953759992658906
EFF2DABBDE09,non_ELL,No,Text dependent,classified,0,human_associated,3.4950803975776516e-06,497,42,256.0110397338867,0.510995270138896,0.8964059196617337,7.87580827495494
F0117C347C4A,ELL,Yes,Text dependent,classified,0,human_associated,0.003944331773986711,465,24,94.60009002685547,0.46889703653084175,0.8691402714932127,7.6975327628932115
F07864395799,ELL,Yes,Text dependent,classified,0,human_associated,0.009058618546536844,247,13,141.6903839111328,0.5461673688775014,0.8863063063063064,7.051150399132341
F0949D854B5F,non_ELL,No,Text dependent,classified,0,human_associated,0.004631655193898438,237,18,172.73259735107422,0.38959452890124546,0.8745283018867924,6.992333159792102
F0BD0306A444,ELL,Yes,Text dependent,classified,0,human_associated,0.0035725787179676127,396,15,110.87237548828125,0.7483391689955993,0.8972916666666667,7.405254885338171
F0CA58FE7FD9,non_ELL,No,Text dependent,classified,0,human_associated,0.00041504121170700485,510,14,123.28302001953125,0.6595289379293546,0.8752842105263158,7.6542823508202815
F0F0CD67E436,ELL,Yes,Text dependent,classified,0,human_associated,0.00028095152594052246,208,13,283.15167236328125,0.44368307138615826,0.9248351648351648,7.009997381067235
F15FFBB0E896,non_ELL,No,Text dependent,classified,0,human_associated,0.002022191578572813,340,19,156.09735107421875,0.3790112928173545,0.890498338870432,7.620295124983182
F1A0D1F81017,non_ELL,No,Text dependent,classified,0,human_associated,0.07264412238948281,565,30,48.893619537353516,0.5154880931460375,0.8623376623376623,7.30957614599878
F1AFDB5CEB25,ELL,Yes,Text dependent,classified,0,human_associated,0.002196283571409259,198,10,215.53668975830078,0.5597618541248888,0.8975438596491229,6.689193822323228
F1EEA3FC1490,non_ELL,No,Text dependent,insufficient_evidence,,,,231,1,254.50341796875,,0.8889756097560976,6.983412090184218
F20C7101F09D,non_ELL,No,Text dependent,classified,0,human_associated,0.0020746356577260932,415,18,126.25139236450195,0.5005129655513954,0.8575959079283888,7.280516229959623
F2AE26666823,ELL,Yes,Text dependent,classified,0,human_associated,1.5320295657946521e-09,306,11,396.9515380859375,0.9013878188659973,0.8887632508833923,7.339475670046294
F2D89425BF9C,ELL,Yes,Text dependent,classified,0,human_associated,3.4092765869032747e-10,162,9,466.55023193359375,0.6837739136782794,0.835820895522388,6.597754766205861
F32A84A0E29C,non_ELL,No,Text dependent,classified,0,human_associated,0.016772232061701746,527,21,72.09072875976562,0.46090210231939466,0.8598393574297188,7.484854597522122
F3310A0DE614,non_ELL,No,Text dependent,classified,0,human_associated,1.5198977362807554e-05,248,16,255.16256713867188,0.4027743621456758,0.8311711711711711,6.838979182278648
F36E4C217F66,ELL,Yes,Text dependent,classified,0,human_associated,0.00010809878434342091,238,13,184.00184631347656,0.536289305280435,0.8394258373205742,7.033407284849487
F374C9D27402,non_ELL,No,Text dependent,classified,0,human_associated,0.006370372842692359,504,29,82.71969604492188,0.5900193658455503,0.8931380753138075,7.81799769975653
F3CFE66F8908,non_ELL,No,Text dependent,classified,0,human_associated,0.004449482754500975,284,14,136.9879379272461,0.5928043556255158,0.8956923076923077,7.320581819000124
F3E8A109AE05,ELL,Yes,Text dependent,classified,0,human_associated,1.6423829443773537e-05,400,24,250.11852264404297,0.6717722366034864,0.9054353562005277,7.391918544510001
F3F68CD25F7A,non_ELL,No,Text dependent,classified,0,human_associated,0.003665060114681,200,11,77.21180725097656,1.0674192666479403,0.8765714285714286,6.910223443495332
F406397A29A3,non_ELL,No,Text dependent,classified,0,human_associated,0.0038624439067933276,340,20,156.26673889160156,0.3990025026903016,0.8761006289308176,7.22742884759735
F42D7D2B6B32,non_ELL,No,Text dependent,classified,0,human_associated,0.03970735338706046,622,35,58.83012771606445,0.5676279796665421,0.8898657718120806,7.631175883604812
F43310A1EA8D,non_ELL,No,Text dependent,classified,0,human_associated,0.0019605545839080905,386,22,118.40446853637695,0.46299155005994175,0.8332409972299168,7.121000346760713
F4DB6C7A51BA,ELL,Yes,Text dependent,classified,0,human_associated,0.00027489325067783674,666,31,115.36524200439453,0.5312916681666411,0.860405616224649,7.878402548741317
F50C3F04944B,ELL,Yes,Text dependent,classified,0,human_associated,0.20082004524179745,240,10,111.08674621582031,0.4039343252482592,0.9020560747663552,7.0668780526148645
F55EF5BB5CB9,ELL,Yes,Text dependent,classified,0,human_associated,0.000113034246974786,403,18,208.0036163330078,0.27037135311024196,0.8271168831168831,7.0732830109874225
F57F78783064,ELL,Yes,Text dependent,classified,0,human_associated,0.3364964489095838,200,10,51.0453987121582,0.5859465277082315,0.8490909090909091,6.519808213656818
F5AE9BEA634B,non_ELL,No,Text dependent,classified,0,human_associated,4.0053886228999404e-05,303,12,203.21371459960938,0.539121306553914,0.8533802816901408,7.242354306345023
F5D927221FB8,non_ELL,No,Text dependent,classified,0,human_associated,0.2655370626664608,302,14,64.59907913208008,0.4266070264708581,0.8779710144927536,7.135465814466458
F5EFE72B5E63,ELL,Yes,Text dependent,classified,0,human_associated,0.010660398265897332,286,14,118.75894546508789,0.3200245568687664,0.8514285714285714,7.213234795742012
F601382A47E1,non_ELL,No,Text dependent,classified,0,human_associated,0.00017965401018385288,389,15,153.93955993652344,0.7380200226431564,0.8764931506849315,7.38275675430586
F60C9A8B9651,non_ELL,No,Text dependent,classified,0,human_associated,0.008059403281492112,190,9,115.20148468017578,0.4937627496000098,0.8353939393939394,6.7838470891775335
F63F47E95B90,ELL,Yes,Text dependent,classified,0,human_associated,0.013971222918826035,314,4,95.96741485595703,0.65853908661391,0.9021305841924399,7.470646732375397
F670DB98FBB2,ELL,Yes,Text dependent,classified,0,human_associated,0.0032877511805876705,246,16,193.8805923461914,0.5729111441346953,0.8844239631336406,6.633231564426874
F682F859D633,ELL,Yes,Text dependent,classified,0,human_associated,0.00013329277086677674,434,16,209.98474884033203,0.5155450347818582,0.8923383084577114,7.446185787861284
F699067454F2,ELL,Yes,Text dependent,classified,0,human_associated,5.688755850709161e-08,285,15,306.4744567871094,0.5925523685313924,0.828300395256917,7.2304424704650945
F6DA839FE9AF,ELL,Yes,Text dependent,classified,0,human_associated,0.4578223938624935,260,7,94.26555633544922,0.3995221329956021,0.914017094017094,7.13299700792621
F6F8929C3714,ELL,Yes,Text dependent,classified,0,human_associated,0.002207250041071946,206,12,173.57476806640625,0.5542979550083725,0.8922905027932961,7.102079259047315
F7137F027A05,non_ELL,No,Text dependent,classified,0,human_associated,0.00029141393795521244,433,26,165.7137222290039,0.5679249744365158,0.8916030534351145,7.65062177271904
F7149C7BC3B3,non_ELL,No,Text dependent,classified,0,human_associated,0.008553533568339567,369,24,111.34143829345703,0.5201734028125554,0.8653372434017595,7.171747579490504
F71859A3B336,ELL,Yes,Text dependent,classified,0,human_associated,0.004085623216954375,329,10,73.08407974243164,0.6255269870662663,0.8294314381270903,7.103613069462819
F73601F409A5,ELL,Yes,Text dependent,classified,0,human_associated,0.0009806456674018571,238,9,198.57327270507812,0.574675107595536,0.8603846153846154,6.545071676304381
F74511EDE43C,non_ELL,No,Text dependent,classified,0,human_associated,5.594906101080451e-06,420,23,224.59109497070312,0.5820125206875989,0.8236548223350254,6.996256040442011
F760D3198FDE,non_ELL,No,Text dependent,classified,0,human_associated,0.3992854023847209,332,12,91.23202514648438,0.31737501872780877,0.9202572347266881,7.462067255009931
F76B24B4AB78,ELL,Yes,Text dependent,classified,0,human_associated,0.0014094900554007567,328,16,127.80116271972656,0.5993131554220374,0.8793377483443708,7.471044243374623
F7CD45B0F896,non_ELL,No,Text dependent,classified,0,human_associated,0.00024594309803812085,288,18,190.96340942382812,0.5342803637970417,0.8640304182509506,7.092661236227025
F7F9EB5D0F2D,non_ELL,No,Text dependent,classified,0,human_associated,0.0029828699753151997,372,15,130.38584899902344,0.3631622931343246,0.8483908045977011,7.272905466280627
F82207B7F26C,ELL,Yes,Text dependent,classified,0,human_associated,0.08478797204028753,546,40,84.69551467895508,0.4737343247722409,0.9019923371647509,7.479582951177683
F8259E04E6A4,ELL,Yes,Text dependent,classified,0,human_associated,0.0007023551431315571,452,22,142.9591293334961,0.5489729152517636,0.904245283018868,7.900959164402528
F912EB3A5AC2,ELL,Yes,Text dependent,classified,0,human_associated,0.014433193681025214,300,6,86.00531578063965,0.8313766526165092,0.8794181818181819,6.947775783769513
F922B539FA61,non_ELL,No,Text dependent,classified,0,human_associated,0.052284262723916196,394,22,85.84393310546875,0.5368230385400068,0.8789218328840971,7.162643791514527
F983201E8CB1,ELL,Yes,Text dependent,classified,0,human_associated,0.01657728571619881,212,11,139.9837646484375,0.635475488755535,0.8920430107526882,6.834766707037822
F9C6755F2B33,ELL,Yes,Text dependent,classified,0,human_associated,0.0002397893134545412,373,13,190.56744384765625,0.7743919661012172,0.8971919770773639,7.111919425530368
F9E1CD296FF3,non_ELL,No,Text dependent,classified,0,human_associated,0.3265400990840825,457,32,73.64637756347656,0.3346667613106439,0.8938888888888888,7.347522607109764
F9FA6D6CF768,non_ELL,No,Text dependent,classified,0,human_associated,0.4638978723716959,227,8,72.037841796875,0.35769801602505596,0.8677832512315271,6.826875016579065
F9FFECDE9A53,ELL,Yes,Text dependent,classified,0,human_associated,0.012887556627760359,350,13,119.09966278076172,0.5777891145673492,0.8803703703703704,7.081210111426836
FA03BD616C6B,ELL,Yes,Text dependent,classified,0,human_associated,4.256020182919391e-05,154,2,334.4158020019531,0.3082260328249053,0.9015384615384615,6.821790923727508
FA15A1E3BF2C,ELL,Yes,Text dependent,classified,0,human_associated,1.9560497692801768e-08,179,4,436.4353942871094,0.46115659642600926,0.87525,6.899036467014801
FA20F1758F03,non_ELL,No,Text dependent,classified,0,human_associated,0.16542890031940755,231,16,127.75506591796875,0.5123656102028302,0.9234782608695652,7.027411343092776
FAF658D1034B,ELL,Yes,Text dependent,classified,0,human_associated,2.384788892998278e-08,508,33,308.02154541015625,0.583031511359214,0.8289539748953975,7.451241608708959
FB1553163CF5,ELL,Yes,Text dependent,classified,0,human_associated,0.10540330905142957,249,8,115.57133483886719,0.39614454062444365,0.8988546255506608,7.171446534816931
FB3850CF775C,ELL,Yes,Text dependent,classified,0,human_associated,9.188182045976643e-05,668,24,165.95901489257812,0.6743729889321662,0.8936448598130842,7.760736487456037
FB68F4744D15,non_ELL,No,Text dependent,classified,0,human_associated,0.062100439872718925,168,9,141.01461791992188,0.5552128108769259,0.8902068965517241,6.6126374902554215
FB6C139752AA,ELL,Yes,Text dependent,classified,0,human_associated,0.0033048981380353996,448,14,82.69992065429688,0.6570581649321425,0.8832075471698113,7.72018332909746
FB7E9462C5A1,non_ELL,No,Text dependent,classified,0,human_associated,0.19957259318933454,274,18,109.60349655151367,0.37176588361590807,0.9049180327868852,7.1838373990086435
FB8A6D53974D,non_ELL,No,Text dependent,classified,0,human_associated,0.0005960395755850341,502,35,138.13865661621094,0.5229917451263396,0.885678496868476,7.790852903608311
FC27ECB471A4,ELL,Yes,Text dependent,classified,0,human_associated,0.0019232084394237303,258,7,161.82066345214844,0.6849527492736208,0.9062660944206009,7.2182249381236865
FC5C7E89577A,ELL,Yes,Text dependent,classified,0,human_associated,5.94395622555713e-05,195,10,325.37972259521484,0.48514866786619826,0.9254437869822485,6.841902719051271
FC9BC150809F,ELL,Yes,Text dependent,classified,0,human_associated,0.004367751400624215,416,23,101.59434509277344,0.6300975699209186,0.8945273631840797,7.641597262200644
FCF6588BC52B,ELL,Yes,Text dependent,classified,1,ai_associated,0.8971828134048391,199,10,70.38312149047852,0.3568011769287754,0.9059649122807018,6.80363658841874
FD175811A893,non_ELL,No,Text dependent,classified,0,human_associated,0.1603403694382906,405,11,60.421302795410156,0.3327569134691847,0.8701052631578947,7.404362602010259
FD5F79937C4E,non_ELL,No,Text dependent,classified,0,human_associated,0.019103769307466364,306,13,144.5848388671875,0.3528758024374719,0.8983745583038869,7.354593930856853
FDD92DC5BCBD,non_ELL,No,Text dependent,classified,1,ai_associated,0.5986996991066292,222,11,69.32322692871094,0.3508640584595166,0.883061224489796,6.94538559214097
FE1DEACABE37,ELL,Yes,Text dependent,classified,0,human_associated,2.6314986467395673e-05,349,26,222.44615936279297,0.49643499092414844,0.8773993808049536,7.532349108912433
FE4703854EB4,ELL,Yes,Text dependent,classified,0,human_associated,0.0019075391442364563,207,8,98.69939804077148,0.42792502443136404,0.8009039548022598,6.975596334629129
FE604F4C35DC,non_ELL,No,Text dependent,classified,0,human_associated,0.48091259027120503,344,19,48.57778549194336,0.5894841268916295,0.9064220183486239,7.174565027220678
FE753233249B,ELL,Yes,Text dependent,classified,0,human_associated,0.002998306328564426,205,4,175.9432601928711,0.746799148097942,0.9209039548022598,7.0348728317906195
FE91D719ADAC,non_ELL,No,Text dependent,classified,0,human_associated,0.005580622549620295,156,10,122.63177108764648,0.5948424975278628,0.8351515151515152,6.6001793595323415
FEB736959AD7,ELL,Yes,Text dependent,classified,0,human_associated,0.002794969413232412,761,41,64.06977081298828,0.6353421940441459,0.8743792633015007,7.892169626598954
FED925296F42,ELL,Yes,Text dependent,classified,0,human_associated,0.007788023781101302,258,10,136.99616622924805,0.32326541604532016,0.8342127659574469,6.8435400067044725
FEEA679DCBB3,ELL,Yes,Text dependent,classified,0,human_associated,0.0030539452346855524,406,17,99.71830749511719,0.5596173689095594,0.8722788203753351,7.577560875982515
FEF334C14BAE,non_ELL,No,Text dependent,classified,0,human_associated,0.23001267341947956,294,17,57.11342239379883,0.5183123547102523,0.8856088560885609,7.201676331628068
FF7164909305,ELL,Yes,Text dependent,classified,0,human_associated,0.002629668890107003,277,18,138.98267364501953,0.46786275575566955,0.8462500000000001,6.984127078295886
FF7AFA7FF8B6,ELL,Yes,Text dependent,classified,0,human_associated,0.0001315527102084731,411,16,204.75789642333984,0.48388404919935213,0.9070103092783505,7.766649553666148
FFBA3014CDC7,non_ELL,No,Text dependent,classified,0,human_associated,0.03918482603972677,720,38,72.90921783447266,0.4448494489906358,0.8988410104011887,7.823484041384242
FFC43F453EF6,ELL,Yes,Text dependent,classified,0,human_associated,0.001928879300157811,194,6,102.52084350585938,0.7396121035456993,0.8200000000000001,6.614805178703886
FFD97A99CEBA,ELL,Yes,Text dependent,classified,0,human_associated,4.145409885563991e-05,246,6,147.78585815429688,0.8275817300618541,0.8486343612334801,7.265700643239949
